date,text
2020-12-09 04:49:15,ANOTHER WIN!! 18 Months Straight!!https://t.co/EHBINKBRH6 Grow Your Bitcoin DAILY! #Bitcoin #BTC #Crypto #GrowYourBitcoin #MTI https://t.co/lNLqnYz7X7
2020-12-09 04:49:03,"MyEtherWallet Now Offers In-App Staking for Ethereum 2.0: One of Ethereum‚Äôs most popular software wallets, MyEtherWallet, is giving users access to Ethereum 2.0‚Ä¶ https://t.co/ewIBdAUg4Z  | https://t.co/FHLhKCQA7o  | https://t.co/vqHPEDx05k #cryptocurrency #blockchain #Bitcoin"
2020-12-09 04:49:02,"Wells Fargo report labels Bitcoin as speculative investment: ‚ÄúCryptocurrency investing today is a bit like living in the early days of the 1850‚Äôs gold rush, which‚Ä¶ https://t.co/ctnrj4oTyt  | https://t.co/FHLhKCQA7o  | https://t.co/vqHPEDx05k #cryptocurrency #blockchain #Bitcoin https://t.co/mil3hfCile"
2020-12-09 04:49:00,"Become an expert crypto day trader with these incredible tips.

https://t.co/q2ghkd2hDo via StreetWise Journal
#Investing #Bitcoin"
2020-12-09 04:48:42,Have you heard of #Bitcoin ? https://t.co/cMFS3bkWwF
2020-12-09 04:48:15,@heydave7 Almost all money is entry in a database. Good thing with #Bitcoin is that you can't add more entries.
2020-12-09 04:48:14,@CoinCornerDanny #Bitcoin just does it's work properly.
2020-12-09 04:48:12,#bitcoin #forex #crypto #cryptocurrency #socialmedia #gift #shopping #gifts #onlineshopping Get free shipping on purchases over $25 at #Amazon https://t.co/N4zGZzAgvt
2020-12-09 04:48:11,@pierre_rochard @saifedean If only an instrument existed that would outpace money printing....oh wait #bitcoin
2020-12-09 04:48:03,ANOTHER WIN!! 18 Months Straight!!https://t.co/GiS2MVrhAV Grow Your Bitcoin DAILY! #Bitcoin #BTC #Crypto #GrowYourBitcoin #MTI @ U.S.A. https://t.co/2f5NCDoQdX
2020-12-09 04:48:02,RSK Is Changing How It ‚ÄòPegs‚Äô Bitcoin to Its Sidechain https://t.co/XTRJOdoMyb #crypto #bitcoin #fintech #finance #news
2020-12-09 04:47:58,"‚¨ÜÔ∏è‚¨ÜÔ∏è $BTC BUYING PRESSURE ALERT üìà Price trading around 18218
          https://t.co/iMB1mj8Cs1 üëà #Bitcoin #crypto"
2020-12-09 04:47:35,"With a few exceptions... I have a feeling we are in for a bigger drop... Hope it doesn't happen but i do not like what i see on charts. Need more people to buy back in... Because of circumstances i put most of my money in $fil
#crypto #btc #bitcoin $omg $link $eth $yfi $xrp $band"
2020-12-09 04:47:34,"As stated, #Bitcoin can stay in overbought territories for long periods of time as witnessed in the past. Now we are starting to see the supply overflow with more shorts. Looks like distribution here is at play. NVT indicator never fails to disappoint. https://t.co/XbXXKJajd4"
2020-12-09 04:47:22,"wanna create a secure #crypto #payment #gateway for your #business, then connect with us.

Explore here to know more about it &gt;&gt; https://t.co/X7lnrgjRv3
#cryptocurrency #bitcoin #cryptonews #blockchain #startups #exchange #trading #BTH #ETH"
2020-12-09 04:47:17,"#OFFWORLD #Biodome #Building #invest #Cannabis #Sustainability #Climate #Bitcoin #ClimateAction #Hemp #CBD #HempProject
#Future #Living #clean 

Welcome to #Heaven!
Oops, We mean 
#Mars 2 üòé‚¨áÔ∏è https://t.co/tIr6jz9yGN"
2020-12-09 04:47:04,"@dragonwolftech 
Bitcoin 1-day activity:
Price $18,248.75829000 +0.10%
Galaxy Score 66.5 out of 100
AltRank 34 out of 1881
145,428 mentions
4,457 contributors
48.6% social dominance
568,996,928 engagements
36,731 shared links
https://t.co/HwT8UWTu7Z $btc #bitcoin"
2020-12-09 04:46:54,"@zackvoell If you have a long enough time preference, you may learn if I hold #Bitcoin"
2020-12-09 04:46:38,$ebon oversold #Bitcoin play.. only crypto stock yet to run.. load up Macd on 52 week bout to flip... stay woke https://t.co/mPYjVu5etp
2020-12-09 04:46:37,"TA: Bitcoin Corrects 5%, Why Upsides Could Remain Capped Near $18.6K https://t.co/Cgg3jeQYUX #bitcoin https://t.co/N6PfUjbtKW"
2020-12-09 04:46:33,BestChange ‚Äî Claim free Bitcoin and get e-currency exchange rates! https://t.co/AEmFFB57XU #bitcoin
2020-12-09 04:46:26,@binance None. #Bitcoin only.
2020-12-09 04:46:20,"Me: I have about 67% of my net worth in #Bitcoin 

Dad: You should start to think about diversification of your assets. 

Me: If I can‚Äôt verify that it‚Äôs a scarce asset, I‚Äôm not going to diversify into it."
2020-12-09 04:46:15,"#TRUTH IMO, there is no other digital #SILVER to #BITCOIN s #GOLD other than #LITECOIN $LTC , right #litecoinfam ?? come on Maxi's, tell me where I'm Wrong ?? The #banksters can't mess with THIS 4/1 Ratio, like they do Phyzz.  It's in the CODE !! https://t.co/KxbQg2ml2t"
2020-12-09 04:46:02,"@dxmrfinance nice project

#Bitcoin #Ethereum #Airdrop #XMR #ETH #BTC"
2020-12-09 04:46:00,I think I got another buddy to buy #bitcoin tonight. Unreal. I‚Äôm so happy for him.
2020-12-09 04:45:59,"Don‚Äôt forget to keep up with the latest trends at Unocoin! From merger of our apps to announcing our Diwali contest winners, there's much happening at our end. Read here: https://t.co/7bSLOH0WYl

#crypto #cryptocurrency #blockchain #Unocoin #Bitcoin #currency #DeFi #btc #forex https://t.co/kmenlPfdZ1"
2020-12-09 04:45:53,"Play at https://t.co/bNQUCzWbYI 
#cryptocurrency #Bitcoin #ETH #Ethereum #BTC #gamingcommunity #GamblingTwitter #ChristmasIsComing $btc  $trx $eth #TRX #gamblingreview https://t.co/o22BpD4VfX"
2020-12-09 04:45:52,"@AltcoinDailyio Hmmm, that‚Äôs maybe little bit to crazy predictions. But hopefully can 1 #Bitcoin be  enough in the future if it developing good."
2020-12-09 04:45:30,XRP holding at support https://t.co/9VD0K6o965 #bitcoin
2020-12-09 04:45:21,Are we going to see $22000 #Bitcoin this week? I have a good feeling!
2020-12-09 04:45:19,"#crypto price changes last 4 hours

üöÄ
$FLO +2.19%
$GAME +0.78%
$LTC -0.99%

üåßÔ∏è
$MONA NaN%
$BTU -31.77%
$USDC NaN%

#bitcoin #cryptocurrency"
2020-12-09 04:45:06,#crypto #affiliate #affiliatemarketing #affiliatelink #affiliateprogram #affiliates #affiliated  #bitcoin #affiliate #Amazon Use code YOURSIZE to Save $20 on shoes when you spend over $100 https://t.co/N4zGZzAgvt
2020-12-09 04:44:52,"#Bitcoin
@michael_saylor  you sold the dip ‚ùì https://t.co/Z52ppMwAZr"
2020-12-09 04:44:43,"$OXT A Hip a Hop. üêáüê∞üêáüòÇ Please don't dump on us.  üß± Haha. ü§´

#altcoins #altseason $eth #eth #defi #crypto #cryptocurrency #hodl #bitcoin $BTC #BTC https://t.co/AD1JPcuqlt"
2020-12-09 04:44:31,We Heard Spotify is Adding Crypto as a Payment Method #Ethereum #bitcoin #blockchain via https://t.co/cRl0MSWmso https://t.co/sf02o2Ssof
2020-12-09 04:44:25,"üîÑ Prices update in $USD (1 hour):

$BTC   - 18234.5 $   (-0.16 %)
$ETH   - 550.69 $    (+0.14 %)
$XRP   - 0.56 $      (-0.42 %)
$BCH   - 264.8 $     (+0.34 %)
$LTC   - 76.15 $     (-0.39 %)

#USD #Dollar #BTC #ETH #XRP #BCH #LTC #Trading #Bitcoin #Ethereum"
2020-12-09 04:44:25,"Please #Bitcoin gods, I will do good with my wealth. Tank the price for me. I‚Äôm literally going to sell my house to get my original investment back. Priced in #Sats. As I price everything."
2020-12-09 04:44:13,"Gold Rush is On!
#BTC #bitcoin #cryptocurrency #knowledgeiswealth

https://t.co/4Gci1MGPx6"
2020-12-09 04:44:01,@AltcoinDailyio hell yeah bro that's 1 million satoshis. #bitcoin
2020-12-09 04:42:53,"On average Visa does 150 million transactions per day, that‚Äôs about 1,700 per second. 

Tron can handle 2,000 transactions per second. It‚Äôs ready to take on Visa @justinsuntron 

https://t.co/m2ai3jG2Ey

#TRON #TRX #crypto #Bitcoin #Visa https://t.co/OLFLfW16xb"
2020-12-09 04:42:36,3DwTsiaH4TJ2d1LPdApBNAkYiPfmW3WmJf India‚Äôs State-Regulated Digital Payments Network Is Dominated by Google and Walmart https://t.co/5JbHUUMfbU #btc #bitcoin https://t.co/j7fWYRtcub
2020-12-09 04:42:23,"@davthewave Looks good to me,  I can wait for $ 100 K #BITCOIN"
2020-12-09 04:42:22,"@AnChainAI @ellipalwallet BTC: $17896
ETH: $563

#Bitcoin #Ethereum"
2020-12-09 04:42:20,"Fantastic Daily interest !! with Control-Finance.
Please follow my journey at

https://t.co/usTSxIBCVw

#bitcoin"
2020-12-09 04:42:16,"üîÑ Prices update in $USD (1 hour):

$BTC - 18234.5 $ (-0.14 %)
$ETH - 550.69 $  (+0.21 %)
$XRP - 0.56 $    (-0.26 %)
$BCH - 264.47 $  (+0.29 %)
$LTC - 76.21 $   (-0.09 %)

#BTC #ETH #XRP #BCH #LTC #Trading #Crypto #Bitcoin"
2020-12-09 04:41:59,"If you are an #eligible customer holding #XRP on #Coinbase or #Coinbase_Pro
You‚Äôll receive #Spark tokens from #Coinbase after the #Flare_network launch.üëÄ

What do they mean by #eligible customers?ü§®
Who is #eligible and who is not?ü§î

#cryptocurrency 
#BTC
#Bitcoin
#Airdrop https://t.co/XDZOAm6hga"
2020-12-09 04:41:35,"Gonna be huge. 

#bitcoin #btc #crypto #cryptocurrency #cryptocurrencies https://t.co/v1w2XEOBHm"
2020-12-09 04:41:20,"PSA: The dollar is going to zero. #Bitcoin is the future.  

Trade 50+ markets now with #BTC - https://t.co/3NbsmmNN64 #trx"
2020-12-09 04:41:10,"Technology is a glittering lure.  

But there‚Äôs that one rare occasion when the public can be engaged on a level beyond flash, if they have a sentimental bond with the product.

That product is #bitcoin"
2020-12-09 04:40:46,"Buy the Dip.
#Bitcoin"
2020-12-09 04:40:38,BITCOIN #Bitcoin #cryptocurrency  #Ethereum #altcoins only one winner üèÜ tonight https://t.co/s0e3qRlax2
2020-12-09 04:40:20,I still find it interesting to hear public views on Bitcoin. There definetly are some differing opinions in the segment from #bloomberg https://t.co/psuSL23aZC #celsius #AlexMashinsky #MicroStrategy #MichaelSaylor #paypal #Square #CashApp #bitcoin #ethereum https://t.co/fHIPa4KJuI
2020-12-09 04:40:06,Breaking: G7 Nations Raise Concerns Over Rising Crypto Adoption The financial heads of G7 countries met on Monday during the 12th meeting of the G7 finance officials hosted by U.S. Treasury Secretary Steven #bitcoin https://t.co/RrLpLi0hsV
2020-12-09 04:40:05,"** TA Signal ** - $BCD/BTC (#103)
üíÄ MACD crossed below (bearish) on 4H

üí∞ Price: ‚Çø0.00002797 ($0.513907)
üíÄ 1h: -1.19%
üíÄ 24h: -2.24%
üöÄ ATH $147.18 (2018-01-13)
üò¢ ATH %: -100.00%

Never miss a signal - https://t.co/C3Txd8TUPL
#Bitcoin Diamond $BTC $ETH https://t.co/O4vXpeYPmP"
2020-12-09 04:39:50,"GG Currency Converter 
Just download this app and enjoy
#currency #money #forex #bitcoin https://t.co/NdZ6RSFBPU"
2020-12-09 04:39:46,"Welp. Back to Robinhood bitches. Fiat is king. Have fun being poor. 
#Bitcoin #cryptocurrency"
2020-12-09 04:39:16,"3DwTsiaH4TJ2d1LPdApBNAkYiPfmW3WmJf It's amazing to see #BTC close above $18k for 15 days (non-consecutive) in 2020, and counting. Back in 2017, BTC only closed above $18k for three days. https://t.co/7dNxjnJzZt #bitcoin"
2020-12-09 04:39:14,#makemoney #earnmoney #affiliatelink #EarnMoneyOnline    #bitcoin Try Lolli üç≠ to #earn #bitcoin in #cashback rewards when you shop online. https://t.co/Uff8qlPMQd
2020-12-09 04:39:07,"Citi Downgrades @MicroStrategy Stock Citing Firm‚Äôs #Bitcoin Focus

https://t.co/7qPxLMxAdZ"
2020-12-09 04:39:04,Wells Fargo Investment Institute Report Compares Bitcoin to the 1850‚Äôs Gold Rush https://t.co/FWxhubnFq1 #Bitcoin https://t.co/qrsuGKlXCr
2020-12-09 04:39:03,how much is your money worth in #ghana ? #ethereum #bitcoin https://t.co/FSs6V9Bwda
2020-12-09 04:38:57,@Freemancrypt0 Hit me with some #bitcoin and I'll get the tattoo tomorrow.
2020-12-09 04:38:48,R.ACEACEACE Trading VIP BTCUSD Bitcoin Short Trade  $17400 Take Profit. ... https://t.co/unZQn6AHtU via @YouTube My thots on #Bitcoin #BTCUSD as of right now.
2020-12-09 04:38:47,pretty sure i own more #bitcoin than @jakepaul right about now.
2020-12-09 04:38:34,@CoinCornerDanny The very same Citi who are investing in #Bitcoin . Jokers everywhere.
2020-12-09 04:38:15,@joshi_sushma #Bitcoin fixes this
2020-12-09 04:38:07,@Cointelegraph Don‚Äôt be fooled. Citibank is stacking sats. They just want it cheaper. #Bitcoin
2020-12-09 04:38:01,"If you've done your research, listened to advice, and decided it's time to buy your first little bit of #cryptocurrency, then here's a straightforward step-by-step guide to doing so safely + easily. 

https://t.co/Ea5k4WaNE8 by @mayamiddlemiss

#bitcoin #blockchain"
2020-12-09 04:38:01,India‚Äôs State-Regulated Digital Payments Network Is Dominated by Google and Walmart https://t.co/EiTrfccOLo  #XBT #BTC #Bitcoin
2020-12-09 04:37:58,"Oct 14 2020 #bitcoin was 11,263

today it is 18,229 https://t.co/mW2YWDwKTA"
2020-12-09 04:37:57,We are looking nice and cheap #Bitcoin #cryptocurrencies #altcoins https://t.co/TzX5kAefW0
2020-12-09 04:37:46,@muneeb Congrats Muneeb - looking forward the new design space that STX opens for #Bitcoin
2020-12-09 04:37:44,"#btc #bitcoin  Another future application fo #crypto
https://t.co/dRqTT2yGnU"
2020-12-09 04:37:42,"Me: I have about 95% of my net worth in #Bitcoin 

Dad: You should start to think about diversification of your assets. 

Me: If I can‚Äôt verify that it‚Äôs a scarce asset, I‚Äôm not going to diversify into it."
2020-12-09 04:37:28,@samsheffer @Noah_A_S The first trillionaire will own #Bitcoin
2020-12-09 04:37:09,Can governments do a better job developing crypto? The head of the International Monetary Fund (IMF) said that a government-backed #cryptocurrency would eliminate the issues of trust that have clogged the decentralized cryptocurrencies like #Bitcoin
2020-12-09 04:37:00,"@Cointelegraph Nobody cares about citi grades, they are has-been and all banksters will disappear because of #DEFI . #bitcoin is the future"
2020-12-09 04:36:53,Bitcoin Investors Tested by Stimulus and Vaccine News https://t.co/CY4U3in0HJ #bitcoin https://t.co/EYbmdhmaTU
2020-12-09 04:36:51,"@McClellanOsc The late 2020 almost forced me to identify myself as a value macro investor in #gold 

I'm not making a bet against #bitcoin ; I am making a bet against whole speculative #BtC system.

The oldest adages in investing is that if you're reading about it in the paper, it's too late. https://t.co/D1VILDD1VJ"
2020-12-09 04:36:47,@ihatecodee Throw in one of these üëáand make it 10 #Bitcoin and I'll think about it. ü§î https://t.co/eC3jN60LSt
2020-12-09 04:36:31,"Excellent analysis of #Litecoin and it‚Äôs complimentary relation to #Bitcoin.

https://t.co/Hbp6ZAUfus"
2020-12-09 04:36:27,"@JoeBiden All I can tell you sir is that you better be pro #Bitcoin and #crypto in general... and she had better embrace it too.

Trump did not and the young folks are very much into it. Any politician who is negative about it will not last and be voted out."
2020-12-09 04:36:10,"#bitcoin #btc @jchatterleyCNN: '""You're going to see every single financial institution forced into this space.""

Invest 5% of your net worth in #bitcoin says @novogratz.

""We're at the beginning innings of rebuilding t‚Ä¶ https://t.co/QFOa6LnTN9, see more https://t.co/jiqgqAQuBD"
2020-12-09 04:36:08,"#business #businessgoals #businessgrowth #businesstips #businesstip #businesses #bigbusiness  #bitcoin BlockFi, earn interest at up to 8.6% APY, borrow cash, and trade currencies. No hidden fees, no minimum balances. https://t.co/BnqrK2CzW9"
2020-12-09 04:35:42,"Cryptocurrency Fact 3 : There are a total of 5000 cryptocurrencies in existence but only around 2600 are listed on exchanges and 1600 are popular.

Cryptocurrencies are increasingly becoming an important part of mainstream global economy. 

#xrp #bitcoin #trx #eth"
2020-12-09 04:35:32,I‚Äôm tired of guessing... I guess I‚Äôll just read the Manuel and do math #Bitcoin #cryptocurrency #DXY https://t.co/fPdmQ51ops
2020-12-09 04:35:05,@Square setting the (#bitcoin) standard. ‚ù§Ô∏è https://t.co/WrYwBTigYr
2020-12-09 04:35:00,"My fiat is for spending.

My bitcoin is for saving.

#Bitcoin https://t.co/DjfNAaOufh"
2020-12-09 04:34:47,@_ConnerBrown_ @RealVision @RaoulGMI Ya know he's richer any than any Bitcoiner on Twitter right? It's not jealousy causing his disgust at it. It's the perspective of someone who's rich AND understands #Bitcoin NOT because of it
2020-12-09 04:34:45,Damn $BTC #Bitcoin https://t.co/lWJk7cmxph
2020-12-09 04:34:35,"Looks like #altseason is about to begin shortly, on December 9th, 2020. The first leg may last for 10-11 days until the big 33%+ pop before Christmas, followed by the big leg.

#altcoins $eth #eth #defi #crypto #cryptocurrency #hodl #bitcoin $BTC #BTC"
2020-12-09 04:33:49,@zackvoell is that possible? #Bitcoin üòÅ
2020-12-09 04:33:34,"Wed Dec  9 05:32:46 2020 (10:18)
USD : 18,239.60
Wght: 0.0
Blk#: 660,578
Size: 1,308.5
Txs : 2,559
Pool: 8,252 (7.1 MB)
#bitcoin"
2020-12-09 04:33:23,"@CNBCi $TSLA stock is now valued at double what all #Bitcoin in the world is worth.

$TSLA stock is going to have a monumental crash. Its going to be fun to watch."
2020-12-09 04:33:10,"@lordliquidity @Cointelegraph If someone thinks #Bitcoin will be an important financial and business tool in the future, MSTR stock is the best equity to own for exposure to that thesis. Irresponsibility is in the eye of the beholder."
2020-12-09 04:32:26,"üîÑ Prices update in $USDT (1 hour):

$BTC - 18230.0 $      (-0.14 %)
$ETH - 549.86 $       (+0.07 %)
$XRP - 0.56 $         (-0.11 %)
$BCH - 264.11 $       (0.0 %)
$LTC - 76.75 $        (+0.47 %)

#BTC #ETH #XRP #BCH #LTC #Trading #Crypto #Bitcoin"
2020-12-09 04:32:25,Why isn‚Äôt @elonmusk more into #Bitcoin ? It‚Äôs a match made in heaven #btc
2020-12-09 04:32:01,BTC /USDT can this trendline hold again ? https://t.co/4Eo3rPazBB #bitcoin
2020-12-09 04:31:59,"After 11 years on twitter, it might be time to say something: 
Buy #Bitcoin"
2020-12-09 04:31:48,"$24k win Baltimore Ravens - Dallas Cowboys
Site: https://t.co/6Asg5javCt
Bet using Bitcoin and Ethereum

Use vpn if you are in US

#Bitcoin #NFL #NFLTwitter #DallasCowboys #BaltimoreRavens https://t.co/kXWid0VT37"
2020-12-09 04:31:45,"#Bitcoin has been one of the best-performing assets throughout the past decade. But will this momentum continue lifting BTC higher, or will it falter as its correlation to the stock market grows? Trade #XBT today on PrimeXBT - https://t.co/3NbsmmNN64 #BTC"
2020-12-09 04:31:45,I found a Blue vault in Coin Hunt World!  https://t.co/uHMpuT6BVv #coinhuntworld #cryptocurrency #bitcoin https://t.co/yqPERfa3gs
2020-12-09 04:31:30,‚ÄúStrong support‚Äù for crypto industry regulation at recent G7 meeting https://t.co/4Um281UE8b #bitcoin https://t.co/o8OD9cywPD
2020-12-09 04:31:05,"üßë‚ÄçüöÄLooks like Bitcoin was in a descending triangle. Measured move takes us to $17,200 area. Who's ready? #CelsiusAmbassador #DYOR #BTSE #Dai #Bitcoin #BTC  #ETH #LTC #LitecoinFam #ICX #XLM #twitch #alts #Crypto #cryptocurrencies #LedgerNano #decentralized"
2020-12-09 04:31:02,"#Bitcoin
I sold again.. https://t.co/oIBusdf1Sj"
2020-12-09 04:30:22,"$BTC (Update)

Triangle Already broken Downside but CME gap Still Opened So Keep Your Eyes on Gap too..!!

#Crypto #Bitcoin https://t.co/86H2SxCqvU"
2020-12-09 04:30:10,"#Bitcoin üìâ 

‚ñì‚ñì‚ñì‚ñì‚ñì‚ñì‚ñì‚ñì‚ñì‚ñì‚ñì‚ñì‚ñì‚ñì‚ñë 93%

 price: $18215.43"
2020-12-09 04:30:06,One Bitcoin now worth $18222.36@bitstamp. High $19300.550. Low $18003.670. Market Cap $338.318 Billion #bitcoin
2020-12-09 04:30:06,One Bitcoin now worth $18221.105. Market Cap $338.295 Billion. Based on #coindesk BPI #bitcoin
2020-12-09 04:30:04,"[‚Çø] #Bitcoin Daily $BTC [‚Çø]

Kraken‚ùØ
A:$18,215 L:$18,032 H:$18,377
Bitstamp‚ùØ
A:$18,222 L:$18,004 H:$19,301
Bitfinex‚ùØ
A:$18,244 L:$18,090 H:$19,322

Market Cap: $338,561,115,718
24h Volume: $3,517,421,456
24h: -5.61%  7d: -12.15%
ATH: $20,089 : ‚Üì9.18%"
2020-12-09 04:30:03,"@Breedlove22 @Bquittem An exceptional rabbit hole to get into-- @michaelpollan 's How to change your mind (Psychedelics, lsd, etc) -- another topic that people are as badly misinformed on as #Bitcoin

https://t.co/8I9N1hY1Az"
2020-12-09 04:30:03,"I can see it now...

Nuclear weapons will be demilitarized to mine the remaining #Bitcoin... before the aliens do... https://t.co/eGOtdyoxMv"
2020-12-09 04:30:00,Take back control. #bitcoin
2020-12-09 04:30:00,"$ZIL was the best coin on our latest #crypto daily trend and momentum report. 

Read: https://t.co/2buo5vhXJv

#cryptocurrency #cryptonews #cryptotwitter #follow #btc #bitcoin #blockchain #ethereum $BTC #DeFi $BTC  #cryptogiveaway $ZIL $WAVES $THETA $DENT $XMR https://t.co/1XfvhzIpx8"
2020-12-09 04:29:46,$MYOV https://t.co/YCjxiZuHdI Myovant Sciences Ltd Our advanced model is forecasting that this stock s value will lose value in the coming days with a pessimistic long term persective #wealth #bitcoin #smallbusiness
2020-12-09 04:29:39,#Bitcoin is at 18222.45 USD
2020-12-09 04:29:36,@DezBryant Do you accept #Bitcoin  or any other #Crypto  ? If not I don‚Äôt want to hear that shit https://t.co/yINSaW0713
2020-12-09 04:29:33,"Guggenheim next.

'In short, investors should expect nearly US$487 million to flow into the cryptocurrency from this one fund alone'

#bitcoin

https://t.co/6VYdgEIcTD"
2020-12-09 04:29:21,"Many people are faced with having their life's work evaporate... I'm watching it with my 3rd generation metal fab biz 

I disrupted myself ...and never looked back #Bitcoin 

It's true .... is not easy to climb a mountain turn around climb down and climb another 

insight @tyler"
2020-12-09 04:29:17,"Isn't ""Not your keys, not your #Bitcoin?"" https://t.co/240ZkrRIbD"
2020-12-09 04:29:13,"Bank FOMO is well &amp; truly kicking in. üè¶üò¨üí∞

No one wants to be first. Then no one wants to be last. 

 #Bitcoin #Crypto #Finance #Investing #Custody

https://t.co/7yscnUYo2c"
2020-12-09 04:29:07,Still not very knowledgeable on #Bitcoin but i like the logarithm approach https://t.co/ZqJ1PZjs3M
2020-12-09 04:29:07,"New video: https://t.co/hGIWEDt1tw

Crypto market update and huge news!

Please comment and like the video to support the channel!

#Crypto #Bitcoin"
2020-12-09 04:29:04,"Billionaire Investor Ray Dalio Takes A U-Turn, Calls Bitcoin A Successful Gold Alternative #Bitcoin via https://t.co/vBsHOsqluy https://t.co/rG79JELYDE"
2020-12-09 04:28:52,@cameron @RayDalio #Bitcoin is the NetScape or MySpace of #cryptocurrency  ü§£
2020-12-09 04:28:47,"@dsedelmeier @BerwickJeff For Americans, most beginners use Coinbase.

https://t.co/UgCqKTDmtk

@aantonop has a great youtube channel for educating people on #Bitcoin . 
https://t.co/wsVzO6qrJq

There are thousands of cryptocurrencies with plenty of shills trying to lure you in. Bitcoin is the king."
2020-12-09 04:28:46,"Having now read the articles in @danheld‚Äôs excellent #Bitcoin  prehistory chart, I am struck most by two things:

1. Much work preceded Bitcoin that laid the groundwork for its conceptualization. 

2. Satoshi ingeniously incorporated these concepts into a novel, complete system. https://t.co/NSwMZDB0xC https://t.co/NfB06tnNUq"
2020-12-09 04:28:34,"@Neloangelo314 No but I can imagine what that looks like üòù 

Looking down on little #Bitcoin sounds good to me

#XRP"
2020-12-09 04:28:11,I earned with the help of my friends! üí∏ Anyone can try how it is simple and fun on @betfury_io i-Gaming platform. My Username: Kinglost84 #betfurysuccess #tron #bitcoin #referral
2020-12-09 04:28:05,THE team of project enter in crypto market with clear and uniqe concept i beleive this project rock soon in future #ETF #Ethereum #bitcoin #eth #uniswap #defi #gem #investing #altcoins #exchange #money #cryptocurrency #trading
2020-12-09 04:28:03,Christmas üéÑ bonus just went into corn. Merry Christmas me of 2021 #Bitcoin #christmas @real_vijay @caprioleio @BTCSchellingPt https://t.co/oBWoXb3sET
2020-12-09 04:27:56,ü§ù Follow me on @betfury_io. Let's hunt for Bitcoins together! Get an exciting experience on #1 I-Gaming platform with #BTC staking payouts!üí∞.My Username: SakuRata #betfurysuccess #bitcoin #staking
2020-12-09 04:27:51,#bitcoin 09122020 for COINBASE:BTCUSD by EL_STOCKTROOPER #trading https://t.co/Js3XgvYluX https://t.co/lBZANAa7yO
2020-12-09 04:27:44,BITCOIN 09122020 Check the post https://t.co/LTRRSt6hWZ #trading #bitcoin
2020-12-09 04:27:31,"https://t.co/KptXQCO6ua

.

coming soon 

.

#dolar #usdtry #dolartl #dollar #usdollar #d√∂viz #kur #fx #forex #foreks #viop #dxy #us #usd #fed #borsa #bist #hisse #garan #parite #euro #eurusd #gold #xauusd #ons #xagusd #usstock #index #sp500 #ftse100 #dax30 #ssec #bitcoin #crypto https://t.co/QjextgW0hm"
2020-12-09 04:27:29,I play and get Cashback! ü§ë The more you play on @betfury_io - the higher Rank and Cashback amount you will get! My Username: SakuRata #betfurysuccess #bitcoin #staking
2020-12-09 04:27:28,ü§ù Follow me on @betfury_io. Let's hunt for Bitcoins together! Get an exciting experience on #1 I-Gaming platform with #BTC staking payouts!üí∞.My Username: Kinglost84 #betfurysuccess #bitcoin #staking
2020-12-09 04:27:25,It‚Äôs funny... I just woke up. Bought some #Bitcoin &amp; was getting myself a coffee... I suddenly realised I had only slept for 3 hours in past 2 days ü•¥
2020-12-09 04:27:10,#bitcoin #forex #crypto #cryptocurrency #earnmoney ##Amazon Use code YOURSIZE to Save $20 on shoes when you spend over $100 https://t.co/N4zGZzAgvt
2020-12-09 04:27:08,"Bitcoin Surges to $19.6K, Looks Set to Make Highest Monthly Close Ever #Bitcoin via https://t.co/NEo7LankbK https://t.co/E6O5b9ul7F"
2020-12-09 04:27:01,"üßë‚ÄçüöÄProbably buying more Bitcoin around $17,700. But still waiting with my limit order @ $14,115. I will fill. Oh yes it will. #CelsiusAmbassador #DYOR #BTSE #Dai #Bitcoin #BTC  #ETH #LTC #LitecoinFam #ICX #twitch #alts #Crypto #cryptocurrencies #LedgerNano #decentralized https://t.co/dq7ZfTWKmF"
2020-12-09 04:27:00,"@CyclopsFinance Excellent team and a Awesome project. A good strong team and well thought out project in all aspects, it is very interesting and promising company! #CYTR #BITCOIN #ETH"
2020-12-09 04:26:58,"~ Bought the dips on ~ 

$BAND $DOT #BLZ $KSM $TRB $TOMO

LFG! üöÄ

#Bitcoin #BTC #alts"
2020-12-09 04:26:18,"If only financial intermediaries were acting in interest of common man!

#Bitcoin will cause the financial intermediaries an unbearable pain in years to come. https://t.co/FgcW58KvOw"
2020-12-09 04:25:44,"Just got off the 1st @BitcoinOrigins crew zoom call and we were treated to the reveal of the moment 2 Death Card sketch... This thing is so nice 

The last Death Card is the best card in the whole set IMO

That might change once this things is full revealed 

#NFT #BTC #Bitcoin https://t.co/YajOhFy5DT"
2020-12-09 04:25:32,ü§ù Follow me on @betfury_io. Let's hunt for Bitcoins together! Get an exciting experience on #1 I-Gaming platform with #BTC staking payouts!üí∞.My Username: useruser75 #betfurysuccess #bitcoin #staking
2020-12-09 04:25:31,Wells Fargo Investment Institute Report Compares Bitcoin to the 1850‚Äôs Gold Rush https://t.co/Vg7egyw2Pd #bitcoin https://t.co/iD0SJeOBoE
2020-12-09 04:25:17,"i have no doubt this time next year link will be $50 plus but i suspect lots of fucky shit between now and then. 

üëáüèª me looking at the charts today üëáüèª

$btc
#cryptocurrency 
#fearandgreed
#Election2020results 
#China 
#BidenCheated2020 
#chainlink
#bitcoin https://t.co/pgNLEJp8kG"
2020-12-09 04:25:11,Wells Fargo Investment Institute Report Compares Bitcoin to the 1850‚Äôs Gold Rush https://t.co/m3eVpJS4wx  #XBT #BTC #Bitcoin
2020-12-09 04:24:56,"A unique project with phenomenal and innovative approach to their work. I like this project very much. suggest all to join this project. #ETF #Ethereum #bitcoin
#eth #uniswap #defi #gem #investing #altcoins #exchange #money #cryptocurrency #trading #investment #decentralized"
2020-12-09 04:24:47,"Be patient‚ò∫Ô∏è we're here to help youüëçüíØ
follow us on:
Tweeter: @Fairmarket_Ph
Fb: https://t.co/tybNbuVSbg
IG: https://t.co/akBUWxmXIM
#entrepreneur #bitcoin #follow #like #banking #wallstreet #money #crypto #twitter #viral #likes
@MiguelICarlos @Fairmarket_Ph 
@MCCVentures https://t.co/PaxFaC9a8V"
2020-12-09 04:24:43,That‚Äôs step 1 in the proverbial #bitcoin rabbit hole https://t.co/Qh7Fw5oYPG
2020-12-09 04:24:22,Hundreds of millions of consumers will use digital currencies soon: Circle CEO - https://t.co/XZ2ziOWxP3 #bitcoin #cryptocurrency #investing
2020-12-09 04:24:16,#affiliatemarketing #affiliate #travel #tourism #affiliatelink #marketing #networking   #bitcoin #affiliate #Amazon Use code YOURSIZE to Save $20 on shoes when you spend over $100 https://t.co/N4zGZzAgvt
2020-12-09 04:23:41,"$eth doxx

* few understand üßê

$btc #bitcoin https://t.co/8c1ZQScl8v"
2020-12-09 04:23:40,$EVIO #WallStreet #NewYork #OTC #Reuters #bloomberg #thestreet #stockstowatch #stocks #stock #investors #invest #cbd #hemp #Cannabis #cannabidiol #cbdoil #testing #labs #products #daytraders #brokers #bitcoin #blockchain #crypto #BREAKING #wealth #yacht #media #marketing #ad #cnn
2020-12-09 04:23:27,"Not necessarily. We had 2 #altseason s this year where alts went on parabolic runs, which helped fuel #Bitcoin to move up. Right now $BTC doesn't have the juice as many people are holding #altcoins. An #altseason will help fuel #BTC to break ATH. https://t.co/nE7WwgJHZn"
2020-12-09 04:23:11,"Not joking, #Ethereum on $548 price point is super cheap, 

#Bitcoin under $18,000 will be a good buy. Stack more sats &amp; trade shitcoins."
2020-12-09 04:23:03,"Wed Dec  9 05:22:28 2020 (43:04)
USD : 18,211.02
Wght: 0.0
Blk#: 660,577
Size: 1,201.3
Txs : 2,047
Pool: 9,301 (7.4 MB)
#bitcoin"
2020-12-09 04:22:58,"This is an excellent visual, well done! 

#Bitcoin https://t.co/SSVcVAI7EJ"
2020-12-09 04:22:56,"Bitcoin: $18,220.04
 -5.08% (-$974.59)
High: $19,290.66
Low: $18,050
Volume: 465

$BTC #BTC #bitcoin"
2020-12-09 04:22:54,"In the last 24 hours I: 
1) moved #bitcoin to @ethereum using @renprotocol. 
2) commit that $renBTC to a liquidity pool on @CurveFinance 
3) commit the resulting LP tokens to the vault on @iearnfinance

The fees were a bit ridiculous but goddamn... #defi is amazing. ‚ù§Ô∏è"
2020-12-09 04:22:50,üéâWoohoo! The profitable cell brought the winning! My income is 0.00001472 BTC. My Username: Hornet #betfurysuccess #bitcoin #staking
2020-12-09 04:22:47,"@elonmusk Can you put a statue of Ron Paul on the moon, sincerely Bitcoiners #bitcoin #bitcoiners #hodl https://t.co/IT1ISvA1rC"
2020-12-09 04:22:45,"My current analysis and thoughts on the #Bitcoin selloff,  signs of a bottom!  I DID enter my first short in like 6 months,  I share my thoughts on this as well.
#BTC #trading #Crypto #XRP 

https://t.co/ycFQYj1oJA via @YouTube"
2020-12-09 04:22:40,"Today gold is perfect for rising profits, providing signal account management https://t.co/iu0JwulaM6 #bitcoin #us30 #forex #USDJPY #wti  #oil #us500 #USDCHF  #XAUUSD #GBPUSD #EURJPY #crudeoil #gold #uk #EURUSD #AUDU #BRENT #DAX
#forex #ForexTrader #forextrading #ForexSignal"
2020-12-09 04:22:32,"#Bitcoin is the only monetary system where you are not negatively affected by others accepting counterfeits.

Running a node detects counterfeits and prevents them from going into circulation."
2020-12-09 04:22:24,"#ETH  could end up being essentially a second layer solution for #Bitcoin just like #Lightning, although PoS makes a Big difference. @VitalikButerin @VladZamfir @adam3us @fluffypony"
2020-12-09 04:22:08,"Citibank analysts reveal #Bitcoin could rocket to $300k yet contradictory downgrade MicroStrategy stock citing their focus on BTC sending the price tumbling down. ü§î 

Who is buying the pullbacks?"
2020-12-09 04:22:07,Need more #Rai so I can get more #Bitcoin
2020-12-09 04:21:56,"#CYTR #Bitcoin #eth   
Interesting project with big goals ahead!.Project looks promising and there is a professional team working on it. Good luck and hope to see a Successful project.There is high probability that the project will become a market leader with the great team work"
2020-12-09 04:21:55,"Next Temporal Target for #BTC : 04h59 UTC.

(ùêìùêûùê¶ùê©ùê®ùê´ùêöùê• ùêìùêöùê´ùê†ùêûùê≠ùê¨ are like pivot points but applied to time. This is when a trend shifts or reinforces itself.)
#Bitcoin #cryptocurrency #cryptotrading"
2020-12-09 04:21:47,Ripple CEO Reveals Factor for Crypto and XRP to Be the Infrastructure of the Next Global Financial System https://t.co/gtH6LAD7tw #bitcoin https://t.co/Kk6VU4fjWL
2020-12-09 04:21:35,"My wife ask me what i want for Christmas,  i told her #BITCOIN AND #XRP"
2020-12-09 04:21:29,"Banks are useless now. 

#UnbankYourself 
#Celsius 
#Bitcoin https://t.co/zjLAUysg90"
2020-12-09 04:21:27,At the farmhouse with my friends #london #farmhouse #forex #bitcoin #invest #getpaid #uk #britain #british #work #tiktoksouthafrica #southafrica #rand https://t.co/SluzEYqMte
2020-12-09 04:21:20,"The market could not be so fast, so it rushed to buy the bottom. After the #Bitcoin price pauses slightly above and below 18,000, the probability of continuing to pull back is higher.
#BTC $BTC #Defi #cryptocurrency #CryptoNews #Bullish"
2020-12-09 04:21:20,"The currencies of some of the world‚Äôs most prominent emerging economies have been added for trading...on popular #Bitcoin-based trading platform, PrimeXBT! 

Trade 50+ markets now with #BTC - https://t.co/3NbsmmNN64 #xrp"
2020-12-09 04:21:19,"The market has gone through a week of convergence and consolidation. It was only Dec 8 (Tue) that #Bitcoin fell and broke the convergence triangle, confirming the direction of the short-term correction. In addition, the market saw that the short-term support was at 16,220."
2020-12-09 04:21:18,"In early Dec, technical buying support caused the price of #Bitcoin hit the highest (19,958). Since there is a gap for current price reach the short-term interim support level( 16,220), before market clear correction in place, try not to guess the top from (current price -17,000) https://t.co/6AvuJSNKde"
2020-12-09 04:21:14,"#Bitcoin
Bull bull bull https://t.co/tHRS7asU17"
2020-12-09 04:21:09,#entrepreneurs #selfemployed #traveling #AffiliateMarketing #DigitalMarketing #bitcoin #affiliate #Amazon Use code YOURSIZE to Save $20 on shoes when you spend over $100 https://t.co/N4zGZzAgvt
2020-12-09 04:21:07,üßë‚ÄçüöÄYou know it! Just bought the bitcoin dip. Got capital on standby for further dumps. LET'S GO! #CelsiusAmbassador #DYOR #BTSE #Dai #Bitcoin #BTC  #ETH #LTC #LitecoinFam #ICX #twitch #alts #Crypto #cryptocurrencies #LedgerNano #decentralized https://t.co/zNLlYeWeNY
2020-12-09 04:21:06,ü§ù Follow me on @betfury_io. Let's hunt for Bitcoins together! Get an exciting experience on #1 I-Gaming platform with #BTC staking payouts!üí∞.My Username: Spartan117 #betfurysuccess #bitcoin #staking
2020-12-09 04:21:01,Wall Street has been raining on the #gold parade since 2012.  Meanwhile MSTR and #Bitcoin have been trading near all time highs.  A broken clock has been right more often that @Peterschiff for the past 8 years.. https://t.co/YsH1iihNaf https://t.co/RzYu4k5x8l
2020-12-09 04:21:00,Sharing the knowledge of Austrian Economics to my friends is the best feeling. I am planting the seeds to get them into #Bitcoin üòâ
2020-12-09 04:21:00,#Bitcoin #ICO #Bounty #airdrop #gambling #mining #crypto #trading #ethereum #dogecoin #litecoin #altcoin Just #FollowMe and i will #FollowBa
2020-12-09 04:20:36,@simplykashif Yes if you have atleast one #Bitcoin
2020-12-09 04:20:35,"$eth 6% down

* derz lot f strategies in #cryptocurrency (basic - advance)

** 1 sub acc scalp

*** 1 sub acc swings 

**** 1 sub acc spot

***** don't put your eggs in one basket üßê

$btc #bitcoin https://t.co/2umo9UB1df"
2020-12-09 04:20:34,"The boom in #Bitcoin, as well as the acceptance of cryptocurrencies, will finally also start #Libra. https://t.co/mrYblmy9dX"
2020-12-09 04:20:33,"@zackvoell @pierre_rochard I dont own #Bitcoin .üòâ
Psych. My face would look like this
ü•∫üò≠üò• if I didn't lmao ü§£"
2020-12-09 04:20:33,ü§ù Follow me on @betfury_io. Let's hunt for Bitcoins together! Get an exciting experience on #1 I-Gaming platform with #BTC staking payouts!üí∞.My Username: hdha18 #betfurysuccess #bitcoin #staking
2020-12-09 04:20:32,@zackvoell @pierre_rochard The best gambling sites on the internet only accept #bitcoin.
2020-12-09 04:20:32,üéâWoohoo! The profitable cell brought the winning! My income is 0.00000256 BTC. My Username: Hornet #betfurysuccess #bitcoin #staking
2020-12-09 04:20:27,"#Bitcoin #BTC current price (GBP): ¬£13,635.87
Like my updates? you can tip me at 3L9dzTLQRcxNpN89V6gfNrbaz95UQ5VMrZ"
2020-12-09 04:20:03,"@MustafaYilham on @nic__carter Pod.
#Bitcoin https://t.co/v6zDA4HneS https://t.co/vSqQHDZU5r"
2020-12-09 04:19:55,"We are at the Dawn of owning a part of internet ""itself""

#bitcoin is prime real estate ( the rails of the merkel tree )

A generational hold https://t.co/0lkbNjL0lS"
2020-12-09 04:19:52,"I think #BTC may be range bound while #alts run for a good 2 weeks, before profits are moved into #Bitcoin to give it the boost to break $20K+. Pretty sure whales are looking right now at these juicy #altcoin prices and accumulating.

#altseason #hodl #crypto #cryptocurrency"
2020-12-09 04:19:32,"@vakeraj FOLLOW THE SCIENCE, BUY #BITCOIN"
2020-12-09 04:18:30,"Bitcoin Corrects 5%, Why Upsides Could Remain Capped Near $18.6K https://t.co/tiwQ6kSkm1 #bitcoin https://t.co/6V9cw5nMFt"
2020-12-09 04:18:19,"üßë‚ÄçüöÄThe ""dip"" in #Bitcoin was expected BUT there has to be more downside IMO. If not, this bull run will be next level. #CelsiusAmbassador #DYOR #BTSE #Dai #Bitcoin #BTC  #ETH #LTC #LitecoinFam #ICX #twitch #alts #Crypto #cryptocurrencies #LedgerNano #decentralized"
2020-12-09 04:18:16,"üåç Did you claim your üÜì #cryptocurrencies?

‚úÖ #BTC #Bitcoin
‚úÖ #XRP #Ripple
‚úÖ #ETH #Ethereum
‚úÖ #LTC #Litecoin
‚úÖ #BCH
‚úÖ #ZCASH
‚úÖ #BSV
‚úÖ #ZEC
‚úÖ #ETC
‚úÖ #TRX
‚úÖ #DASH
‚úÖ #DOGE

#Internet #crypto #tech #cryptocurrency
‚¨áÔ∏è
https://t.co/1qvGgc5sCt"
2020-12-09 04:18:12,"Factors To consider as an individual before Investing #Binaryiqinvestments
#Trading
#Bitcoin
#cryptocurrency #investing #Finance  #usa https://t.co/7eQwjH6M0y"
2020-12-09 04:18:08,#bitcoin #makemoneyonline #affiliatemarketing #networkmarketing #digitalmarketing #makemoney #affiliate #shoponline  Amazon Use code YOURSIZE to Save $20 on shoes when you spend over $100 https://t.co/N4zGZzAgvt
2020-12-09 04:18:02,"üåç Start #Trading with tight spreads and get the best of the #markets

1000‚ûï¬†Trading Products 
‚úÖ#Crypto #ETH #XRP #LTC #BCH #BTC #Bitcoin
‚úÖ#CFD #Indices #Commodities #Bonds
‚úÖ#XAUUSD #XAGUSD
‚úÖ#Forex
‚úÖ#ETF

#Internet #investing #Marketing #app
‚¨áÔ∏è‚¨áÔ∏è
https://t.co/KfpHxdbyfD"
2020-12-09 04:17:52,"üåç Join The World's Leading #Cryptocurrency #Exchange

‚û°Ô∏è #Buy &amp; #sell #Crypto in minutes

‚úÖ #BTC #Bitcoin
‚úÖ #XRP #Ripple
‚úÖ #ETH #Ethereum
‚úÖ #LTC #Litecoin
‚úÖ #BCH
‚úÖ #ZCASH
‚úÖ #BSV
‚úÖ #ZEC
‚úÖ #ETC
‚úÖ #TRX
‚úÖ #DASH
‚úÖ #BNB
+
 ‚¨áÔ∏è #Internet #investing
https://t.co/4wBtxnZBnd"
2020-12-09 04:17:50,"üìà Crypto Litmus üìâ
2020-12-09 04:17 https://t.co/ssM9bEh7Vg #cryptocurrency #bitcoin https://t.co/EIBKPE4aVJ"
2020-12-09 04:17:46,"Wells Fargo Thinking About Bitcoin And Cryptocurrencies Is Bullish!

https://t.co/vJhUyvnPKE

#bitcoin #crypto #cryptocurrency #litecoin #ethereum #xrp $btc https://t.co/RBRCkmogrx"
2020-12-09 04:17:40,Steve Wozniak-backed token WOZX skyrockets ahead of second listing https://t.co/Hpa5BYl0XL #bitcoin https://t.co/Cl46FDUNhO
2020-12-09 04:17:08,"""In short, investors should expect nearly US$487 million to flow into the cryptocurrency from this one fund alone. And it‚Äôs not the only major investment firm to show interest.""

This dip is nothing. That ""wall"" of money is a tsunami.
#Bitcoin #eth #defi 

https://t.co/71xyN2FL9E"
2020-12-09 04:17:07,"One of the things I don‚Äôt like about BSV. They are doing so many great things but then he says something like this. Sounds like something you‚Äôd hear from Jamie Dimon at JP Morgan.

This is not what decentralization sounds like.

#BSV #BitcoinSV #crypto #Bitcoin #BTC #BCH https://t.co/bdTt8vvK6B"
2020-12-09 04:17:02,"Bitcoin Cash BCH Current Price:
$263.95
1 Hour: 0.55% | 24 Hours: -6.84% | 7 Days: -8.76%
#bch #bitcoin cash"
2020-12-09 04:16:49,"#BTC #Bitcoin New report out from #Bloomberg. We going to $50K!!!

#Coinbase #Binance $SLV $GLD #OOTT #DJIA #SPY #SPX #QQQ #ETH $GBTC $LTC $BCH #crypto $LINK 

https://t.co/6bDjeJHZMa https://t.co/hxwoahFc1y"
2020-12-09 04:16:26,@larrysalibra Nope..but buy #Bitcoin
2020-12-09 04:16:18,"He even said on Rogan, AI is trouble.... these algos will 100% be problematic especially with the dopamine likes, and cancel culture vultures #bitcoin https://t.co/tXcuvHKP6m"
2020-12-09 04:16:13,"TA: #Bitcoin Corrects 5%, Why Upsides Could Remain Capped Near $18.6K https://t.co/NLdF366Ldv https://t.co/3hxR4YR5w6"
2020-12-09 04:16:02,@CanadaHODL i am a vacuum of 1million pennies a quarter and it converts to btc. Lots of extra #btc i would not have had otherwise. I don't expect everyone in the #bitcoin space to be as big of a hustler as me though :)
2020-12-09 04:15:52,"#Bitcoin Just Dove Toward $18,300 After Days of Consolidation https://t.co/mefhdrYLbr https://t.co/HcB3SAePL1"
2020-12-09 04:15:48,"BeforeCoinMarketCap Airdrop is now LiveüöÄüí∞üèÜ

Click on below link to participate into this amazing #AirdropüéÅ

https://t.co/WjiAk17ZcD

üéÅ Rewards: 1800 + 250 BCMC1 üéÅ
üí∞ Value : $ 180
üë• Referral: $ 25

#Airdrops #cryptocurrency #ICO #bitcoin #Crypto #ETH #giveaway"
2020-12-09 04:15:48,"Chill out and #HODL #Bitcoin 
https://t.co/2rnfai7zea"
2020-12-09 04:15:44,"@PeterSchiff @michael_saylor you love talking about #Bitcoin, Pete"
2020-12-09 04:15:39,"BeforeCoinMarketCap Airdrop is now LiveüöÄüí∞üèÜ

Click on below link to participate into this amazing #AirdropüéÅ

https://t.co/uSGV0bjX6k

üéÅ Rewards: 1800 + 250 BCMC1 üéÅ
üí∞ Value : $ 180
üë• Referral: $ 25

#Airdrops #cryptocurrency #ICO #bitcoin #Crypto #ETH #giveaway"
2020-12-09 04:15:26,I can‚Äôt wait to see the @BlockFi orders of @GoingParabolic buying the #Bitcoin dip tomorrow!
2020-12-09 04:15:25,"Fiat is so yesterday. So old. 

Now #Bitcoin, that‚Äôs future money. Might want to get some just in case it catches on. https://t.co/vU609AIZIy"
2020-12-09 04:15:14,#freelance #freelancer #freelancing #freelancers #affiliate #shoponline   ROLLERCOIN  Mine real #bitcoin - Get paid  from mining and referring https://t.co/msi0qV0Zf1
2020-12-09 04:15:09,"#Bitcoin ‚ÄúDouble Top‚Äù Narrative Builds, Factors To Potentially Fear https://t.co/wUT0cYnoUT https://t.co/UTVgRWlpet"
2020-12-09 04:15:08,#love #earn #money #affiliate #affiliatemarketing #makemoney #online #bitcoin #affiliate #Amazon Use code YOURSIZE to Save $20 on shoes when you spend over $100 https://t.co/N4zGZzAgvt
2020-12-09 04:15:02,"@TeamYouTube Thank you @TeamYouTube ! Back in business baby!!! Next stream tomorrow
#Bitcoin #EndLockdowns #ElectionFraud https://t.co/0DmtqATLTq"
2020-12-09 04:14:59,#Bitcoin May Need ‚ÄúLife Support‚Äù as Bulls Try to Defend Key Support https://t.co/1vmgqXqfrb https://t.co/Fxg1NJINV7
2020-12-09 04:14:56,"@binance #BinanceChristmas Merry Christmas and congratulations,I have to admit that they are a great team and a very useful exchange, I use it daily ... wishing everyone luck in this giveaway in which I am also participating. @Binance_Spanish #Binance  #BUSD $BNB #binancespanish #Bitcoin https://t.co/l1zmwrrSd6"
2020-12-09 04:14:55,"#Bitcoin $BTC -5%
#CRYPTOS -10%
#GOLD - 1%
#SILVER -1.5%
#VIX +.5$
#SMALLCAP +.5% da fuck with you $RUT"
2020-12-09 04:14:48,"#Bitcoin Price Slides $500 Overnight, But Is A Steeper Selloff Brewing? https://t.co/RXitDhHoMp https://t.co/E9vDslInpM"
2020-12-09 04:14:38,"#Bitcoin is Going Mainstream, Why The Doubters Will Be Kicking Themselves https://t.co/8TK35sS2vT https://t.co/65eqnydiF2"
2020-12-09 04:14:24,"Order Now:
https://t.co/f5ypHULcbC

#facebookadvertising #facebookpage #marketing #marketing #innovation #leadership #realestate #cryptocurrency #bitcoin #blockchain #digitalmarketing #socialmedia #branding #marketingstrategy #contentmarketing #influencermarketing #strategy https://t.co/CjepncIkNB"
2020-12-09 04:14:15,"Did you buy the dip? 

#Bitcoin #Eth #alts #defi"
2020-12-09 04:13:48,"More than 100,000 ETH locked for staking via Kraken in four days https://t.co/hTRBnBjz8q #bitcoin https://t.co/KLwLMg6kUE"
2020-12-09 04:13:36,"If you want to take profits during the pump then don't forget to buy the DIP!!!

#Bitcoin #ethereum #ALTSEASON"
2020-12-09 04:13:18,@CNBC @CNBCMakeIt Should have bought #bitcoin not bananas
2020-12-09 04:13:03,"Most sold Art NFT today! 
by jjjjjohn 
was sold 342 times

#digitalart #Bitcoin #crypto https://t.co/yVdvzf2p0n"
2020-12-09 04:12:45,"There's almost as many millionaires in the U.S. as there are #Bitcoin

Imagine how high this number will be if 1 #bitcoin is worth $1 million some day. https://t.co/QkBCIN0OrB"
2020-12-09 04:12:24,"Hey @michael_saylor your notes offering could be SEC compliant tokenized using Ravencoin RVN.

RVN is a highly undervalued 3 year old code fork of #Bitcoin that deserves your attention.

It had a fair launch with no ICO or pre-mine.

Find out more at ...

https://t.co/jS9xOLBRHb"
2020-12-09 04:12:22,"#Bitcoin Corrects 5%, Why Upsides Could Remain Capped Near $18.6K https://t.co/Vm6xCOCFFb https://t.co/prlpagWgEK"
2020-12-09 04:12:13,@real_vijay A few months back Goldman Sachs had negative views about #Bitcoin .  Citi downgrade is bullish for #BTC  and $MSTR
2020-12-09 04:12:11,"#Bitcoin Price Drops $1,000 in Worst Sell-Off in a Week https://t.co/4ZrEPqlEJU https://t.co/jCwW6IegB1"
2020-12-09 04:12:08,#bitcoin #forex #crypto #cryptocurrency #makemoneyonline #gift #shopping #gifts #onlineshopping Get free shipping on purchases over $25 at #Amazon https://t.co/N4zGZzAgvt
2020-12-09 04:12:07,#bitcoin #makemoneyonline #affiliatemarketing #networkmarketing #digitalmarketing #makemoney #affiliate #Amazon Use code YOURSIZE to Save $20 on shoes when you spend over $100 https://t.co/N4zGZzAgvt
2020-12-09 04:11:58,@DragonFlyGlitta @realDonaldTrump That is the way it‚Äôs looking. As if @realDonaldTrump was telling the truth about everything. #BETHipHopAwards2020 #bitcoin #BLEXIT https://t.co/araEIk5bNz
2020-12-09 04:11:33,BIG BITCOIN INVESTOR REVEALS PERSONAL CRYPTOCURRENCY PORTFOLIO &amp; ALTCOIN INVESTING STRATEGY on CNN! | https://t.co/LZApEYaK6R Crypto News LIVE Media https://t.co/Jt8GqmPj00 - #bitcoin #crypto #cryptocurrency
2020-12-09 04:11:23,"1 ‡∏ø: $18243.8, 1 week ago: $0, 3 months ago: $0, 1 year ago: $10268 #bitcoin  https://t.co/N0BZQbcl79"
2020-12-09 04:11:13,I found a Blue vault in Coin Hunt World!  https://t.co/uHMpuT6BVv #coinhuntworld #cryptocurrency #bitcoin https://t.co/ew9bOkv7oL
2020-12-09 04:11:11,The 21 Most Influential #Bitcoin Projects And Companies Of 2020 https://t.co/EFKQod7HI0 https://t.co/0jqUBdRjii
2020-12-09 04:11:08,"Not crazy about the 3.5% on sales with my business, but at least its some what of a feed back loop for new age Treasury reserves #bitcoin https://t.co/yboGdfNxfk"
2020-12-09 04:11:08,ü§ù Follow me on @betfury_io. Let's hunt for Bitcoins together! Get an exciting experience on #1 I-Gaming platform with #BTC staking payouts!üí∞.My Username: jehggiurd #betfurysuccess #bitcoin #staking
2020-12-09 04:11:06,"@dka218 Disagree, GBTC exists, and there are plenty of retail #Bitcoin brokerages and exchanges.

I think there is very real demand for equity of Bitcoin companies."
2020-12-09 04:11:04,"#AXS Signal Proof in Vip Channel üëÜ
Compare time according to my timezone in both screenshots.

#cryptotraders #cryptosignals #binancesignals #bitcoin #cryptocurrencies #binance #crypto https://t.co/aTuJydCZlc"
2020-12-09 04:11:01,"Love that #bitcoin price has risen 130% versus the US stock market‚Äôs 14%, just hit all time highs (other #crypto similar), which mainstream press has remained silent on, publishing only when it has a large fall in price on a day"
2020-12-09 04:11:00,Don't be David O'Keefe.  #HODL #Bitcoin
2020-12-09 04:11:00,"Grande Vegas Casino - $150 Free Chip Friday Coupon for Weekly Depositors or 50 Free Spins Sign Up Bonus 
https://t.co/JqpyQmDHzR Reliable #Crypto #Bitcoin #Litecoin #BitcoinCash or #fiat Online Casino est 2009! #Canada, #France, #Australia Welcome https://t.co/Z8Tp0JXSfo"
2020-12-09 04:10:50,"Market Wrap: #Bitcoin Steadies at $18.7K; Big Ether Options Position Around $1,120 Isn‚Äôt Bullish https://t.co/lODwxif0X7 https://t.co/Gwa4eMkbvt"
2020-12-09 04:10:44,"great ... 

you can never force your passion .... ""you just have to be aware"" and there is #bitcoin https://t.co/0lkbNjL0lS"
2020-12-09 04:10:43,"Bitcoin‚Äôs overhead pressure surges ‚Äì downside eyes $17,500 https://t.co/gnvsFOvnDw #bitcoin https://t.co/DYfWeSq5qV"
2020-12-09 04:10:43,"Novogratz: Now is 'perfect timing' for bitcoin #Bitcoin $btc

https://t.co/McPDSgXMCG"
2020-12-09 04:10:41,"We love hearing from our investors üôè

Are you looking at gaining #Bitcoin exposure? You're in the right place. https://t.co/tvVGTNLjzt"
2020-12-09 04:10:39,"#AXS result
3rd target achieved within 5 hours‚úÖ

One more quick profit 12%üí∞ü§ë

‚òéÔ∏è DM us for VIP membership and grab all quick profit signals
#cryptotraders #cryptosignals #binancesignals #bitcoin #cryptocurrencies #binance #crypto https://t.co/2yqfe51KZw"
2020-12-09 04:10:38,"#BTFD Buy the f***ing dip !!

#Bitcoin #BTC"
2020-12-09 04:10:29,"What is the next stop of worlds money flow?

What is cheap?

What is expensive?

#Bitcoin is overbought!!

#SNP #snp500 #stockmarkets #dax #FTSE #nasdaq #dow #DJI #forex #DAX30 #SPX #SHCOMP #ni225 #ecb https://t.co/2ehd73llLb"
2020-12-09 04:10:25,1 BTC Price: Bitstamp 18234.41 USD Coinbase  USD #btc #bitcoin 2020-12-08 23:10 https://t.co/MfsLh5WeXM
2020-12-09 04:10:16,@Terry55314838 There alot of folk that don't understand how different #XRP and #DGB #Bitcoin
2020-12-09 04:10:08,Cryptocurrency mining is still possible. Take a look at these rigs. #bitcoin #cryptocurrency #MiningRigs https://t.co/mbe7824DWy
2020-12-09 04:10:05,Linkswap Liquidity Pools Launched With $6 Million Staked in 6 Hours The decentralized Linkswap exchange has just launched a range of liquidity pools for farming its native YFL token but prices are down on #bitcoin https://t.co/7nH9pvuDgX
2020-12-09 04:10:05,"What A Divided Government Means For Your Portfolio 

Strubel Investment Management‚Äôs commentary for the month ended November 2020, discussing a divided government scenario for the next two years. #bitcoin https://t.co/ecxRGMZzAi"
2020-12-09 04:10:03,"Bitcoin BTC Current Price:
$18,299.34
1 Hour: 0.42% | 24 Hours: -4.61% | 7 Days: -2.23%
#btc #bitcoin"
2020-12-09 04:09:48,@deo_perp @idiotsforless @AliceCrypt #Bitcoin moves nearly $500k in value around the globe permissionlessly every second. It was never about transactions per second and coffee. It's about value transacted per second and a creating new financial paradigm. We‚Äôre reimagining the entire global financial system.
2020-12-09 04:09:40,"they want your #Bitcoin ü•∫
you going to give up that easy?  after all THIS??
#HODL
 ~ t"
2020-12-09 04:09:32,"It is a very under-sold point the desire for peace, freedom and prosperity that the #Bitcoin  community relentlessly promotes. I can't think of any other group matching the same energy directed towards those goals.  It feels liberating at times, frustrating as well."
2020-12-09 04:09:21,Wells Fargo Investment Institute Report Compares Bitcoin to the 1850's Gold Rush - https://t.co/dFE6CapYso $BTC #blockchain #bitcoin #finance
2020-12-09 04:09:19,"Google, Walmart Dominate India's Digital Payments - https://t.co/HTZbwZlNHT #fintech #bitcoin #altcoin"
2020-12-09 04:09:15,#bitcoin #forex #crypto #cryptocurrency #affiliate #Amazon Use code YOURSIZE to Save $20 on shoes when you spend over $100 https://t.co/N4zGZzAgvt
2020-12-09 04:08:33,"@PeterSchiff @michael_saylor Stop tweeting about #Bitcoin 

You are no expert on this.

Just focus on your shitcoin with a 5000-year history"
2020-12-09 04:08:19,üéâWoohoo! The profitable cell brought the winning! My income is 0.000325 BTC. My Username: Hornet #betfurysuccess #bitcoin #staking
2020-12-09 04:08:09,"#Bitcoin Dominance on the 1D. Pay attention to what's inside the yellow boxes. Notice the similarities. StochRSI with the ""W"" formation followed by a drop, which fueled the previous #altcoins.

#altseason is near. #crypto #cryptocurrency #hodl https://t.co/xZ3dMJXUM0"
2020-12-09 04:07:34,Bullish Argument for Ethereum Rapidly Losing Steam as $570 Is Lost: Author ‚Äì Nick Chong https://t.co/5Jw5tmLwAq Reported By: Bitcoinist.c #bitcoin https://t.co/FrGORXCh4E
2020-12-09 04:07:28,"@PeterSchiff @michael_saylor Publicly traded companies that hold zero bitcoin are just a gamble, under-capitalized and fragile, irresponsible.

Publicly traded companies that hold vast treasuries of #bitcoin are real investments, as they are well capitalized and ready for the future."
2020-12-09 04:07:20,@coloradotravis #Bitcoin unless you name is Travis it makes total sense‚Ä¶ https://t.co/yHDkiEoEhZ
2020-12-09 04:07:11,"@pierre_rochard Found this epic meme lol
#Bitcoin https://t.co/t7wJCDitls"
2020-12-09 04:07:08,‚ÄòBlack Friday' BTC sale officially over? 5 things to watch in Bitcoin this week #Bitcoin via https://t.co/NEo7LankbK https://t.co/naMlbAy5oU
2020-12-09 04:07:08,"FIRST MAN AND WOMAN CRISIS ACTORS PLACEBO...
#Moderna #AstraZeneca #Pfizervaccine #CoronaVaccine #COVID #vaccine #actress #Bitcoin #Jesus https://t.co/eIkwFMWL9K"
2020-12-09 04:07:05,@ChartsBtc @Jer_McMahan It‚Äôs always a good time to buy #bitcoin
2020-12-09 04:07:02,Breaking: G7 Nations Raise Concerns Over Rising Crypto Adoption https://t.co/SPnkeEb7Nl #bitcoin https://t.co/36sImEDTeu
2020-12-09 04:06:38,@theRealKiyosaki Wen Rich Dad Company going to do like @MicroStrategy @michael_saylor and use USD debt to buy more #Bitcoin ?
2020-12-09 04:06:13,Bitcoin has gone... parabolic?! https://t.co/DTJfMVLweL #bitcoin #parabolic #blog #bluefalconapp https://t.co/pIaGx0FNC3
2020-12-09 04:06:09,#bitcoin #btcAmazon Use code YOURSIZE to Save $20 on hard to find mens and womens shoes when you spend over $100. https://t.co/N4zGZzAgvt
2020-12-09 04:06:08,#crypto #affiliate #affiliatemarketing #affiliatelink #affiliateprogram #affiliates #affiliated  #bitcoin  #socialmedia Get your project done with freelance services for your business https://t.co/wuCQOuQiHU
2020-12-09 04:06:08,"Doing an #XRP Giveaway everyday until the #Flarenetwork #SPARKTOKEN snapshot to enter. Follow this page,  Retweet this, heart,  &amp; comment starting with 500 $XRP winner announced Dec 9 10pm EST. Yes is very real. #Bitcoin #cryptocurrency #XrpGiveaway https://t.co/DD69JtC8TU"
2020-12-09 04:05:59,#Bitcoin: I'm predicting a visit to the high 15s before a convincing break above 20.
2020-12-09 04:05:51,"Cyberpunk2077  Bitcoin Mining and #Bitcoin as a currency
DLC add in.  People want this as DLC  @CyberpunkGame @CDPROJEKTRED

Similar to Tarkov

https://t.co/lvL5jPg9OF"
2020-12-09 04:05:41,"#Bitcoin is down 4.67% for the day.
#BTC is currently trading at $18,291.78 #USD 
On the 7 day chart, $BTC is down 2.1%
For the month up 18.48%
For the year up 168.14%
Year to date up 138.58%
Dominance now at 62.9%
#Crypto #Cryptonews #Cryptocurrency @Bitcoin"
2020-12-09 04:05:37,@tyler https://t.co/X9O3ywEvEF future #bitcoinwallet #Bitcoin
2020-12-09 04:05:34,"Despite Ethereum‚Äôs Breakdown, a Massive Rally Could be Right Around the Corner: Ethereum has been closely tracking Bitcoin‚Äôs price action over the past couple of‚Ä¶ https://t.co/OrZgNQbL7j  | https://t.co/FHLhKCQA7o  | https://t.co/vqHPEDx05k #cryptocurrency #blockchain #Bitcoin https://t.co/TUjaSBAVtp"
2020-12-09 04:05:33,A De Facto Bitcoin ETF? MicroStrategy Is Raising Another $400M to Buy BTC: Michael Saylor announced plans to offer convertible bonds with the express intent to buy‚Ä¶ https://t.co/TCZwy2lehf  | https://t.co/FHLhKCQA7o  | https://t.co/vqHPEDx05k #cryptocurrency #blockchain #Bitcoin
2020-12-09 04:05:33,"DeFi could be coming to Cardano: IOHK‚Äôs Project Catalyst names Liqwid as a potential candidate to receive up to $250,000 in ADA funding. Read More https://t.co/7sO9SBsMK8  | https://t.co/FHLhKCQA7o  | https://t.co/vqHPEDx05k #cryptocurrency #blockchain #Bitcoin https://t.co/7M4K4Rebp1"
2020-12-09 04:05:30,@BitcoinWhaIe #Bitcoin Go to the moon !! @Malkistcracker https://t.co/KlVPJ4K62e
2020-12-09 04:05:15,"What are you waiting for??? 

Sign up for the @fold_app #Bitcoin rewards card and get 20,000 sats for using my referral link! üòòüòò

https://t.co/ynMJYppTeb https://t.co/GyN81U6TaG"
2020-12-09 04:05:01,DeFi leader‚Äôs mishap sees his Eth2 validator subjected to 'continuous slashing' https://t.co/spdBx3WFUZ  #XBT #BTC #Bitcoin
2020-12-09 04:04:42,@_Laylan That a full 1 #Bitcoin
2020-12-09 04:04:34,"Great! üöÄ #Crypto #Bitcoin 

$BEL Still pumping when others are falling!!! Who's with me?! ü§üü§üü§ü 85%+ profit, already.

Don't forget those LOW-CAP coins!!! Making the marketcap 2x is easy to go. https://t.co/afRrlUsNP0 https://t.co/UtHrilsYgm"
2020-12-09 04:04:33,#BSV baby! #Bitcoin https://t.co/9n9KdyzM0p
2020-12-09 04:04:30,"I'm going to apply a monte carlo framework to precinct level election results and payroll attention to location, demography, and vote type because I am Very Smart and you should send me #Bitcoin"
2020-12-09 04:04:26,Wells Fargo Investment Institute Report Compares #bitcoin to the 1850s Gold Rush  Finance Bitcoin News https://t.co/95YKP1ITOC https://t.co/MWr1YqdZfy
2020-12-09 04:04:23,"You think grandmas fixed pension will go up too... she can no longer work.
Public doesn't care if she starves and can't feed herself, just as long as they saved her from #covid #bitcoin ü§¶‚Äç‚ôÇÔ∏è https://t.co/Vr9xahiXUb"
2020-12-09 04:04:14,"fuck this market until shit looks up.  got my stacks in place as always but closed ALL my trading longs.  looking to buy much lower and probably not until after the holidays.  too much shit between now and then.  

#chainlink
#bitcoin
#Crypto"
2020-12-09 04:04:08,"DISGRUNTLED CRYPTO INVESTOR THREATENS TO FORK XRP UNLESS RIPPLE STOPS ''DUMPING'' 
#XRP #xrpthestandard #XRPnews #XRPCOMMUNITY #cryptocurrencies #Bitcoin  https://t.co/g94cj6vzYz"
2020-12-09 04:03:49,"BeforeCoinMarketCap Airdrop is now LiveüöÄüí∞üèÜ

Click on below link to participate into this amazing #AirdropüéÅ

https://t.co/MF3zgtpd5Z

üéÅ Rewards: 1800 + 250 BCMC1 üéÅ
üí∞ Value : $ 180
üë• Referral: $ 25

#Airdrops #cryptocurrency #ICO #bitcoin #Crypto #ETH #giveaway"
2020-12-09 04:03:45,on the 12/09/2020 at 04:03 1BTC was worth $18286.00 #Bitcoin #Crypto #BotcoinUSD #Bitfinex
2020-12-09 04:03:40,"Listen pal, it‚Äôs SaaS Bro to you. Show some respeck!  #Bitcoin https://t.co/3v7MhZ0KOH https://t.co/sbLpkr2TSM"
2020-12-09 04:03:36,"Just learned about Band and earned $BAND in return! Use my invite to join Coinbase and earn up to $40 of $BAND. https://t.co/hjqf0C12N4  
#cryptocurrency  #Crypto #cryptocurrencies  #CryptoNews #cryptotrading #cryptocurrencynews #cryptopia #Bitcoin"
2020-12-09 04:03:32,"Wait, I thought prices were fwd looking?ü§î

""MSTR's #bitcoin investment has returned $250M since August '20,‚Äù wrote Radke in Citi‚Äôs assessment of the stock,¬†per SeekingAlpha. ‚ÄúWhile impressive, it pales in comparison to the 172% return in the stock.
https://t.co/qkdcNZQZ5n"
2020-12-09 04:03:15,"Hourly #bitcoin price  alert 
 $BTC: 18266.16
$ETH: 550.85

 Trending5 @coingecko
$BONDLY: 0.183675
$WOZX: 2.61
$BASE: 0.510926
$ETHY: 14.79
$INJ: 1.83
 
 $50 USDT Giveaway
Retweet Follow @bitcoin1000k 

Increase your Chances Of Winning 
visit https://t.co/Ru9etTgCVe"
2020-12-09 04:03:11,"My girl just looked through my Twitter. Said i have found my niche on Twitter.

She said self growth, mindset, exercise, #bitcoin , and people who genuinely think about what it is to be human üòÇ"
2020-12-09 04:03:01,"#cme üò∑ #bitcoin: The Enemy's Aim is Deception. #Christ warns a MAJOR #poweroutage will be caused by The #Sun &amp; other plagues. 

The #internet will go out World Wide. 

Most of the countries of the world are actively preparing for this, and instructin‚Ä¶ https://t.co/IzL8CEQUpC https://t.co/116jPBsHnv"
2020-12-09 04:02:41,"Wells Fargo Investment Institute Report Compares Bitcoin to the 1850‚Äôs Gold Rush - https://t.co/fmx8BCYBgJ 
#DoingCoin #Crypto #Bitcoin ... https://t.co/irS06MRpfb"
2020-12-09 04:02:38,Bullish Argument for Ethereum Rapidly Losing Steam as $570 Is Lost https://t.co/lyb01bdvtv #bitcoin https://t.co/TlhZqBing2
2020-12-09 04:02:36,"Free TON, From an Abandoned Project to the Frontier of PoS Networks https://t.co/6iAPhlDbyp #bitcoin https://t.co/PpVBU1C66r"
2020-12-09 04:02:35,Lol...but seriously if they use #bitcoin as the national currency I‚Äôm going! https://t.co/y5r93rLDCB
2020-12-09 04:02:35,Give Commercial Banks More Power over Digital Ruble ‚Äì Industry Leader https://t.co/tbgUrl8OoG #bitcoin https://t.co/71GNX5LocO
2020-12-09 04:02:32,@PeterSchiff @michael_saylor #Bitcoin network is worth the same as all the banking and payment networks combined x 100. #bitcoin asset is a piece of that value. #gold has no network and has no value.
2020-12-09 04:02:31,"DeFi leader‚Äôs mishap sees his Eth2 validator subjected to 'continuous slashing' - https://t.co/l9Qfn5LbhS 
#DoingCoin #Crypto #Bitcoin $BTC https://t.co/eI8TwnY2Yd"
2020-12-09 04:02:11,"I spend my morning before work studying #bitcoin and #realestate 

I work 8 hours a day doing digital online marketing, then workout.

Then I study #bitcoin and #realestate after I spend the evening with my wife for another few hours.

3-4 hours a day is #BTC and #RealEstate üëáüèΩ"
2020-12-09 04:02:10,"@Xum51080405 @pierre_rochard Current wealth distribution is a reflection of past market policy that was crafted by elites for elites.

#Bitcoin is uniform. No privilege, no disparity. üóΩ

Starting balances are negligible.
Empty promisary notes will bankrupt politicians. Productive people will prosper."
2020-12-09 04:02:09,"the dilemma during dips: too many to buy, too little money to spend #Bitcoin"
2020-12-09 04:02:05,Bitcoin Dissidents: Those Who Need It Most https://t.co/6zGckheeq4  #XBT #BTC #Bitcoin
2020-12-09 04:02:01,What‚Äôs next for #Bitcoin? eToro‚Äôs Simon Peters speaks https://t.co/t5r6s0aT7g @eToro https://t.co/lP3LCu6BYV
2020-12-09 04:01:53,"#bitcoin price grind

if y'all remember 
10,000 ... a grind 8900-9900 
11,000 ... a grind 9-10999
12,000 ... a grind 10-11999
13,14,15,16,17,18,000 was no grind at all it just blew through quickly

now 20,000 ... a grind 18-19914 

wait for it ... 
üí•üöÄ could take a few weeks -"
2020-12-09 04:01:48,"Man, I touched some nerves today with the $BTC maxies community. 

You proved my point. üëèüèª 

It‚Äôs #Bitcoin or nothing else. The dislike for $XRP and any other project is real.

Thank you for participating."
2020-12-09 04:01:47,"@dxmrfinance Good project 

#Bitcoin¬† #Ethereum #Airdrop #XMR #ETH #BTC"
2020-12-09 04:01:46,I found a Blue vault in Coin Hunt World!  https://t.co/uHMpuT6BVv #coinhuntworld #cryptocurrency #bitcoin https://t.co/7UhcNOiSWl
2020-12-09 04:01:36,@PeterSchiff @michael_saylor Funny and true. #Bitcoin https://t.co/3vzeDgekQf
2020-12-09 04:01:35,"@jamesdouma @heydave7 But knowing that. Then it might make people think, who controls those databases and gets to add or subtract entries at will?

Maybe we would want a database that nobody is able to just add or subtract entries at will #bitcoin"
2020-12-09 04:01:14,@novogratz @PeterSchiff @michael_saylor Why don't investors just buy #bitcoin?
2020-12-09 04:01:09,"@cryptocom Prediction #A 21,235
Prediction #B 19, 733
Let's Go!! For one full #bitcoin"
2020-12-09 04:01:02,"The current price of #bitcoin is $18,201.13 // tweeted via benjaminbot"
2020-12-09 04:00:52,All talk no balls.... short #bitcoin already and show the bitcoiners https://t.co/rpM6oHJIAS
2020-12-09 04:00:50,"Sneak Peak.

Our new @BlockRoots_ platform is in progress.

Focus is still on Market Profile and Order Flow, with a bunch of new upgrades. 

Coming soon. #Bitcoin https://t.co/CuKV0fuo4n"
2020-12-09 04:00:34,"Dec 08, 2020 08:00PM #Bitcoin Price:
USD 18656.46 | EUR 15453.42 | JPY 1947881.67"
2020-12-09 04:00:34,GS PARTNERS is launching!! üéáüéáüß®üß® The worlds first Network Marketing company on Blockchain! See https://t.co/ZUraaiNyFP    #blockchain #mlm #networkmarketing  #bitcoin #ethereum #makemoney #onlinebusiness #businessideas #income #homebusiness #g999 #gspartners https://t.co/jEABOMF9VO
2020-12-09 04:00:30,"BTC hourly update
$18292.69    |    +0.0004%üìà
$BTC #BTCUSD #Bitcoin"
2020-12-09 04:00:23,#crypto #affiliate #affiliatemarketing #affiliatelink #affiliateprogram #affiliates #affiliated  #bitcoin  #earnmoneyonline #gift #shopping #gifts #onlineshopping Get free shipping on purchases over $25 at #Amazon https://t.co/N4zGZzAgvt
2020-12-09 04:00:21,"#Bitcoin market update: $24,622.49 (AUD/BTC). Bitcoin's rallied with gains of 14.7% these last 28 days. Start investing with Amber, Bitcoin made easy https://t.co/UiJBzhVZJb"
2020-12-09 04:00:10,"Webtalk Rewards Presentation 

How to earn on Webtalk !!!
https://t.co/28Vsq4ENfs   
#AffiliateMarketing #DigitalMarketing #MarketingDigital #seo #Founder #Bitcoin #cryptotrading #promotor #businessgrowth #cryptocurrency 
https://t.co/dVb69H3Ede https://t.co/I5D3AVUsM5"
2020-12-09 04:00:10,"#Bitcoin üìâ 

‚ñì‚ñì‚ñì‚ñì‚ñì‚ñì‚ñì‚ñì‚ñì‚ñì‚ñì‚ñì‚ñì‚ñì‚ñë 93%

 price: $18297.36"
2020-12-09 04:00:09,"Alert: #bitcoin short at 18300.01

üî¥ $BTC - USDT SHORT (4H)

Signal: Sell || Algo: Original

https://t.co/Q9EaS9GSqo

For info about other algos, message https://t.co/QKEYlNyOhV"
2020-12-09 04:00:08,"#computerart :
#bitcoin #blockchain 's
LAST Block, Height : 660576
[ See more on https://t.co/p7nE81m7aK ] https://t.co/cgwePIzQUb"
2020-12-09 04:00:08,@Insurmountabl1 @heydave7 At this point. @zachkirkhorn is sitting on a $20B melting Ice Cube üßä. @Tesla should take a page out of @michael_saylor in term of how to deal with melting ice cubes. #bitcoin
2020-12-09 04:00:06,"The price of
Spaghetti alla Carbonara
is 60,083 Satoshis
or 0.00060083 BTC

BTC price: 18,291.50 USD
on Tuesday, 08 December 2020 10:00 PM CST

#bitcoin #CarbonaraIndex"
2020-12-09 04:00:06,One Bitcoin now worth $18289.42@bitstamp. High $19300.550. Low $18003.670. Market Cap $339.563 Billion #bitcoin https://t.co/UAo5eCrojG
2020-12-09 04:00:06,One Bitcoin now worth $18304.576. Market Cap $339.845 Billion. Based on #coindesk BPI #bitcoin
2020-12-09 04:00:06,"Bitcoin - BTC
Price: $18,290.37
Change in 1h: +0.32016279%
Market cap: $339,579,720,930.01
Ranking: 1
#Bitcoin #BTC"
2020-12-09 04:00:05,Current BTC Price: $18304.58 USD BTC Price on 2019-12-09: $7351.3367 USD #bitcoin
2020-12-09 04:00:05,"#Bitcoin stats every hour
----
Block: 660576
Hashrate: 124 EH/s
Price last 24h: 18197.29$
--
TX unconfirmed: 11612
TX last 24h: 311962
--
Diff: 19T
Diff change in block 661248
Next diff in 672 blocks"
2020-12-09 04:00:05,"@bensmith09 @PeterSchiff @michael_saylor You'll be an old man by then, bro. Regret comes from inaction. Get some skin in the game and buy #bitcoin before it goes to $100k."
2020-12-09 04:00:03,"Market Update: The price of #Bitcoin is currently $18280.04
 #Crypto $BTC #BTC
 View the coin here here: https://t.co/StFdwaoRx2"
2020-12-09 04:00:03,"‚è∞ 07:00
‚Çø Bitcoin = 18.295,7639 $
#bitcoin #btc #BTCUSD"
2020-12-09 04:00:02,BitcoinAverage - bitcoin price index - ($ 18311.6) - https://t.co/z6cbnPDdmv #bitcoin https://t.co/PMv7UM4p7e
2020-12-09 04:00:02,"Join 'The Signal Premium' 

- Daily early trade Signals
- 80%+ success rate
- Premium Telegram &amp; Twitter access
- Signals Dashboard
- for #Binance/#Bittrex

Currently 50% off.
Sign-up at: https://t.co/NPGOUXqexD

#bitcoin #cryptotrading #crypto #ETH #BTC #LTC #XRP https://t.co/fXzOFSMUPU"
2020-12-09 04:00:02,"TA: #Bitcoin Corrects 5%, Why Upsides Could Remain Capped Near $18.6K https://t.co/2QrWZMgxi2"
2020-12-09 04:00:01,"Bitcoin: $18301.62
üíö +18.64 last 1 Hour (+0.1%)
üíî -87.74 last 5 Hours (-0.48%)
üíî -862.38 last 24 Hours (-4.5%)

#BitcoinPriceUpdates #Bitcoin #HourlyCrypto #CryptoUpdates #Crypto
Powered By @CryptoCompare API"
2020-12-09 04:00:01,"Price Update: 1 #Bitcoin = $18,301.03 üìà 

#cryptocurrency $BTC source https://t.co/Rhm8c4MrrZ"
2020-12-09 03:59:51,"Cashless society 
#Bitcoin its the Future! üòö https://t.co/OzMlY5bTim"
2020-12-09 03:59:38,United States Citizens downgrade @Citi due to decades of corruption and failed public trust. #bitcoin https://t.co/tPyNkIaXUr
2020-12-09 03:59:21,Banks will be fighting for their lives very soon. This is just a small attack against #bitcoin https://t.co/HJpgEnqSdu
2020-12-09 03:59:20,"Best podcasts, articles, or books on #Bitcoin 

Drop links here üëáüèº"
2020-12-09 03:59:17,"Unless $19600 is broken upside, we can see $17000 again.
#bitcoin.

What that means ? Buy the f***ing dip. #BTFD 
@BarrySilbert @barronsonline"
2020-12-09 03:59:06,"@davthewave Crying funny!

Who could have expected this? 

#Bitcoin was ""pamped"" to the moon and the moon ""pamped"" it back. ü§£"
2020-12-09 03:58:56,"""if you were rejected by your own biological father like me, buddy you have a great story to tell""
#bitcoin"
2020-12-09 03:58:42,"@AnthonyDessauer @michael_saylor He has spoken recently that if he ever finds a technology that is $100B+ M/C and is dominating the space, he will buy ALL OF IT. I predict that we‚Äôre just seeing the tip of the iceberg w/ MS. He will become a major capital inflow conduit to #Bitcoin¬†. A MS #BTC¬† ETF?"
2020-12-09 03:58:41,"Bitcoin -- ""how to buy"" vs ""how to short"". 

Internet search intent.

$btc #Bitcoin https://t.co/hAiymbW4hP"
2020-12-09 03:58:32,"@SalvArmyIHQ with the shortage of coins in circulation and less foot traffic across the globe for your annual kettle fundraiser, why don‚Äôt you open a #bitcoin account as I‚Äôm sure there are many willing to contribute to your amazing organization. @APompliano @danheld @tyler"
2020-12-09 03:58:30,"Hello Team; not to let cat-out-of-bag but so long as you 54 twitter followers keep secret,it'll be fine. Here goes:Wonder how #MQCC knew right timing for both 1st &amp; 2nd $$ peak of #VOLATILE #BITCOIN Dec2017 &amp; Dec2020?See #ENTERtheBLOCKCHAIN.com &amp; https://t.co/uFO60cLShw #CALLEDIT https://t.co/YikqF3Nsui"
2020-12-09 03:57:52,"#Bitcoin good thread but essence is the same: invest in what you understand. Just as exotic things in life are not for everyday is use, Ditto in investing https://t.co/0mYzNCXaLd https://t.co/nasJVNbcno"
2020-12-09 03:57:26,#bitcoin #makemoneyonline #affiliatemarketing #networkmarketing #earnmoney #makemoney #shop #Amazon Use code YOURSIZE to Save $20 on shoes when you spend over $100 https://t.co/N4zGZzAgvt
2020-12-09 03:57:22,"@PsychedelicBart @johnkvallis @PeterSchiff @KingAngelotta @BarrySilbert @Grayscale Gold is a scam Peter, make sure you get out before big gold holders dump it on you to go buy #bitcoin"
2020-12-09 03:57:14,@RayDalio inching closer to #Bitcoin is all I want for Christmas
2020-12-09 03:57:06,"@APompliano is arguably one of the best interviewers in the space &amp; @twobitidiot is someone we should all learn from. 

#Bitcoin #Ethereum #DeFi #Crypto

üéß must listen üëá

https://t.co/ymwkA6tKSP"
2020-12-09 03:57:06,Half the country thinks he stole the election. You think you telling them to heal is going to fix this? üòÇüòÇüòÇü§¶‚Äç‚ôÇÔ∏è #PresidentsDontMatter #bitcoin https://t.co/FoFuE5fQA1
2020-12-09 03:56:25,"""Any sufficiently advanced technology is indistinguishable from magic"" üìú
-Arthur C. Clark

Entire videoüì∫: https://t.co/SfjKGUilpF

Michael Saylor, CEO
MicroStrategy (40K #btc)
#bitcoin #crypto https://t.co/KPDi4VX6h5"
2020-12-09 03:56:04,Buy #Bitcoin $BTC https://t.co/kWOiDPxti7
2020-12-09 03:56:00,Invest in #bitcoin https://t.co/4d5eDTsCKJ
2020-12-09 03:55:51,"If #Bitcoin does a slow grind down, I'll be curious as to how $ALTS will react. I'm not sure tbh, could be fine but the overall uncertainty isn't great IMO. There will still be some good moves here and there ofc."
2020-12-09 03:55:51,"IMO this is not the type of #Bitcoin ranging that you want to see for #Altcoins to flourish. $ALTS will pump when $BTC ranges at lower areas, NOT right near ATH lvls. The overall environment/mood is fear and confusion rn- not the environment for alt pumps. https://t.co/SWlTGjdSnu"
2020-12-09 03:55:48,@krakenfx @krakensupport when full support for bech32? #Bitcoin
2020-12-09 03:55:40,"#BTC  &gt;&gt;&gt;This is the New Era of #Bitcoin. And it's just starting 

#Coinbase #Binance $SLV $GLD #OOTT #DJIA #SPY #SPX #QQQ #ETH $GBTC $LTC $BCH #crypto $LINK https://t.co/2jiLyfRZEY"
2020-12-09 03:55:25,"@EpsilonTheory @TESLAcharts @notsofast What #Bitcoin buyers might find is that they‚Äôre buying a ‚Äúcall option‚Äù on FANG+ at the peak.

Figure, as recently as 2017, it was below $1,000...

Anybody with their entire net worth in bitcoin should not be surprised to see a number like that again."
2020-12-09 03:55:24,I found a Green vault in Coin Hunt World!  https://t.co/uHMpuT6BVv #coinhuntworld #cryptocurrency #bitcoin https://t.co/wYeMXL1jBw
2020-12-09 03:55:07,"#bitcoin community has been sleeping on @blockstack. 

Maximalism might miss out on earning BTC via another complimentary token.

More for me I guess ü§∑‚Äç‚ôÇÔ∏è https://t.co/PX277Ua8N3"
2020-12-09 03:55:03,"#Bitcoin
Men can't hold..
Women do it better... https://t.co/3mysWdMBWR"
2020-12-09 03:54:48,ü§ù Follow me on @betfury_io. Let's hunt for Bitcoins together! Get an exciting experience on #1 I-Gaming platform with #BTC staking payouts!üí∞.My Username: User834998 #betfurysuccess #bitcoin #staking
2020-12-09 03:54:44,"That's enough, fraudsters #SXP $SXP  ü§¨ü§¨ü§¨ü§¨ü§¨ü§¨ü§¨ü§¨ü§¨
#BTC #BITCOIN #BINANCE #ALTCOINS #SHITCOIN"
2020-12-09 03:54:25,"Following Game of Thrones actress Maisie Williams' call for advice as to whether to go long on Bitcoin (BTC) earlier this week, the rapper Logic has dived into Bitcoin headlong. https://t.co/KkDpnijzaE via @cointelegraph #InvestSmart #BTC #Bitcoin"
2020-12-09 03:54:20,Best Cross-Platform Crypto Hardware Wallet Award!  üòáSecuX will continuously endeavor its most innovative developments on the newer features and coins support!  üëç https://t.co/eDbfBNIky7  #secux #bitcoin #hardwarewallet #bitcoinwallet #cryptowallet #ÂÆâÁÄöÁßëÊäÄ #Âä†ÂØÜË≤®Âπ£ #ÂÜ∑Èå¢ÂåÖ https://t.co/ewiQ00pZJW
2020-12-09 03:54:17,Sad and funny at the same time.... so much truth #bitcoin https://t.co/e8oWDbBf5I
2020-12-09 03:53:59,@WhatBitcoinDid @garyvee Cargae will inevitably occur regardless of #Bitcoin. It is an inherent and inescapable characteristic of debt-based fiat money systems and the economies built on top of them.
2020-12-09 03:53:54,"When Steve Jobs had a disagreement with an employee he would ask them if they had ever done lsd. If they stated they hadn‚Äôt he would judge them LOL 

I think I‚Äôm gonna do the same, except the question will be. 

What year did you get into #bitcoin? 

Oh 2028? I see..."
2020-12-09 03:53:47,"TA: #Bitcoin Corrects 5%, Why Upsides Could Remain Capped Near $18.6K https://t.co/oUogfpWrzZ via @newsbtc #defi #crypto https://t.co/a38lqUAey1"
2020-12-09 03:53:28,"RAKE Finance (RAK) + 23.84% with a 24hr volume of 388.385 USD! 
Well done RAKERS!

Platform is coming soon!
#Bitcoin #DeFi #Ethereum #YieldFarming https://t.co/l0yjsTGoVI"
2020-12-09 03:53:27,Blockstack‚Äôs Stacks (STX) to Lose Security Token Status Once Its Blockchain 2.0 Launches https://t.co/2vv8NVyOhF #bitcoin https://t.co/Ae8kCjZYDS
2020-12-09 03:53:26,"@heydave7 You also missed the part on what Elon thought of governments. Watch the interview in full.

Only #Bitcoin can remove the monopoly governments has on money. And according to Elon such coerced monopoly - regulatory capture by guns, leads to the worst outcomes"
2020-12-09 03:53:21,Stumbled across this - #Bitcoin will he attacked over the next year !    https://t.co/D2GdayV3WZ
2020-12-09 03:53:13,"BeforeCoinMarketCap Airdrop is now LiveüöÄüí∞üèÜ

Click on below link to participate into this amazing #AirdropüéÅ

https://t.co/enh8qu6Hx0

üéÅ Rewards: 1800 + 250 BCMC1 üéÅ
üí∞ Value : $ 180
üë• Referral: $ 25

#Airdrops #cryptocurrency #ICO #bitcoin #Crypto #ETH #giveaway"
2020-12-09 03:53:11,#Bitcoin please keep dropping so I can cop more.
2020-12-09 03:53:09,"Bitcoin, Litecoin And Monero Luminaries Invest In Historic Crypto-Securities Offering 

READ MORE: https://t.co/1WqT0dZmJE

#AirDrop #Altcoin #Bitcoin #blockchain #BTC #Coin #Crypto #cryptocurrency #CryptocurrencyMarket #Currency"
2020-12-09 03:53:04,Not even THEM want to deal with that ‚Äúpastor‚Äù üòÇüòÇüòÇüòÇüòÇüòÇüòÇüòÇüòÇüòÇ. Holy shit is definitely 2020 üòÇüòÇüòÇüòÇüòÇüòÇüòÇüòÇüòÇüòÇüòÇüòÇüòÇüòÇüòÇüòÇüòÇüòÇüòÇüòÇüòÇüòÇ. This ‚ÄúFuture‚Äù is the best shit ever üòÇüòÇüòÇüòÇ. I am telling you the only good shit we have is #Bitcoin üòÇüòÇüòÇüòÇüòÇ https://t.co/7rNu6eR1jz
2020-12-09 03:53:03,@Wealthsimple Top scams buy #bitcoin
2020-12-09 03:52:47,"@HydroBlockchain @Bitcoin market capital will be equal to @Apple  market capital.
#Bitcoin"
2020-12-09 03:52:36,"$50 #Bitcoin Bull Bull Bull contest 
@michael_saylor

Get @WarholCrypto to 250+ followers and i'll #giveaway $50 in $btc or $link

‚≠êÔ∏èRetweet Retweet‚≠êÔ∏è

üåõLIKE &amp; TAG ur FRENsüåú

2 #nft's will be awarded

Follows on #raible:  https://t.co/6wELA5e7jS‚Ä¶

#garbagecryptokids
#Crypto https://t.co/mWf5Qfl6MZ"
2020-12-09 03:52:11,"THE @pitgcc is holding a 10milion #Pi Art contest. UP to 500 #Pi in prizes up for grabs! Find out more details in the discord 

https://t.co/thts6usAIt

#PiNetwork #cryptocurrency #Poorboycrypto #Blockchain #pitgcc #Bitcoin"
2020-12-09 03:52:08,"@PeterSchiff @michael_saylor Citi bank also said #bitcoin to 318k, so they set to be winners either way. you sir, only win if #bitcoin fails. which history shows us is not looking the likely trend."
2020-12-09 03:52:00,Mt. Gox Users Prepare to Get Back $2.6 Billion of #Bitcoin https://t.co/03FLBX55Du via @crypto_briefing @WSJ https://t.co/A6AoEclwrt
2020-12-09 03:51:57,"Humble beginnings of future #Bitcoin museum üòçüòçüòç

@Mandrik @Vizique @MantisCryptos @elias_ahonen 

(all my BTC is in multi sig/device/ location cold storage, coins and bills shown here are empty of BTC!) https://t.co/R1QMuzwecv"
2020-12-09 03:51:57,#bitcoin is bigger than your favorite twitter chart artist üñº tweets and no bot or human can predict it when there are this many largeüïπplayers in the game. consider how it is that we have been up here so l-o-n-güéÆthis is a reflexive piece of tech. always comes back ‚Çøigger. glhf
2020-12-09 03:51:51,#bitcoin i Int touching this until price pierce above that trend line https://t.co/x6em0DOpHf
2020-12-09 03:51:47,"@EpsilonTheory @TESLAcharts @notsofast Meaning is #Bitcoin, far from being a ‚Äúnew gold,‚Äù really just a ‚ÄúFANG+ derivative‚Äù?

Without being tested through a full cycle or two, there is no way of knowing...

Anybody claiming to know is just hyping it."
2020-12-09 03:51:28,How Bitcoin Development Is Evolving ‚Äì and What's Behind It #Bitcoin via https://t.co/NEo7La5INa https://t.co/SJg3QPkrQk
2020-12-09 03:51:18,"The currencies of some of the world‚Äôs most prominent emerging economies have been added for trading...on popular #Bitcoin-based trading platform, PrimeXBT! 

Trade 50+ markets now with #BTC - https://t.co/3NbsmmNN64 #xlm"
2020-12-09 03:51:16,#affiliatemarketing #affiliates #affiliateprogram #affiliated #bitcoin #shop #Amazon Use code YOURSIZE to Save $20 on shoes when you spend over $100 https://t.co/N4zGZzAgvt
2020-12-09 03:50:50,"@heydave7 Digital money is of course just an entry in a ledger. Zero dispute.

Question is whether that ledger is immutable and decentralized, or centralized and manipulatable at will by bad actors.

#Bitcoin"
2020-12-09 03:50:12,Was excited to get a follow from my fav bearded #Bitcoin guru @pierre_rochard only to find it was an imposter asking for $$. ‚ö†Ô∏è Happened multiple times to me w #crypto influencers &amp; Youtubers via twitter dm. Please BE CAREFUL of scammers impersonating people if you're new here!!
2020-12-09 03:50:11,"#bitcoin Looks like it might see some sort of recovery. Playing the bounce on #alts can work but risky. Keep a close eye on $btc as it approaches 18.6 - 18.8k if it gets there for resistance.

Got a small bag of $xrp for now with stop loss set. See how it goes

#TradeSafe‚ù§ https://t.co/SJwesyyQbK"
2020-12-09 03:50:02,"$BTC solid breakdown. Where to next?

#cryptocurrency #cryptocurrency #Bitcoin #trading https://t.co/0sCmJZFgWv"
2020-12-09 03:49:43,"TA: #bitcoin Corrects 5%, Why Upsides Could Remain Capped Near $18.6K #btcusd #btcusdt #xbtusd https://t.co/yz9dQsmUdo https://t.co/wRXE1qvMcJ"
2020-12-09 03:49:36,"TA: Bitcoin Corrects 5%, Why Upsides Could Remain Capped Near $18.6K
 #bitcoin #btcusd #btcusdt #xbtusd...
https://t.co/gLNTp617lm"
2020-12-09 03:49:21,"#Bitcoin $BTC 

*Leaning neutral slightly bearish*
Bearish
-Multiple rejections from the local top
-1D dropped out of the channel (needs to close to confirm)
-1W overbought
Bullish
-1D hidden bullish divergence https://t.co/2lNG0bpdzL"
2020-12-09 03:49:06,"@EpsilonTheory @TESLAcharts @notsofast What strikes me about #Bitcoin is that, not only has it never gone through a financial crisis, and thus been tested, there‚Äôs also no evidence that it is doing anything but tracking the tech bubble..."
2020-12-09 03:48:49,"@CryptoWendyO I can‚Äôt wait to help educate them! Frankly, we all should ... they‚Äôve got all the money after all, so if we‚Äôre serious about #Bitcoin mooning, we should be serious about helping teach boomers about crypto instead of rolling eyes like when they ask about the WiFi üòÇ"
2020-12-09 03:48:46,$BTC: Things are looking a bit shaky. I could see this running back to the point of break around 18.8k. If you're truly bearish I would probably look around there to short. I'm still personally neutral. #Bitcoin https://t.co/gbfgGQtOdo
2020-12-09 03:48:20,$BTC $BTC.X #BITCOIN #CRYPTO   #CRYPTOCURRENCY https://t.co/hIFfGJLqet  Very crucial level 17.6-17.5k Bulls need to hold that area. .61-.65 fib level + Ma 200 on 4h + Support zone + If we hold that zone btc will create bullish divergence   If defend that big chance for 23-25k https://t.co/deDG1lujtg
2020-12-09 03:48:12,@CryptoWhalebot Bitconnect is the real #Bitcoin
2020-12-09 03:48:00,"@CyberpunkGame @CyberNate2077 @CP2077Countdown Will bitcoin be the main currency in Cyberpunk 2077?

Or a bonus currency?      @CyberpunkGame 

#bitcoin"
2020-12-09 03:47:53,Bitcoin price ‚Äòbearish alert‚Äô as 140K BTC from Mt. Gox may move for the first time https://t.co/M2oEMowc0z #bitcoin
2020-12-09 03:47:46,"#Cointiply and #Bitcoin Hashtag

Earn Free Bitcoin on #Cointiply - The #1 #Bitcoin Rewards Platform - https://t.co/Jf11Lve95o #cointiply #bitcoin #free"
